slot,reading,dialogue_uses,bigrams (count)
0x0001,裝,7,裝備(3)  裝扮(2)  服裝(2)  西裝(1)  充裝(1)  衛裝(1)  個裝(1)  裝是(1)
0x0008,她,20,她是(3)  她的(2)  為她(2)  帶她(2)  到她(1)  她去(1)  她到(1)  她長(1)  得她(1)  她叫(1)
0x0013,漂,13,漂亮(12)  很漂(3)  好漂(2)  真漂(2)  地漂(1)  漂流(1)  會漂(1)  太漂(1)  挺漂(1)  當漂(1)
0x0014,亮,12,漂亮(12)  亮的(3)  亮喔(2)  亮姊(1)  亮了(1)
0x0024,總,14,總理(7)  的總(3)  總是(2)  總算(2)  總管(2)  總監(1)  實總(1)  他總(1)  是總(1)
0x0027,倒,10,倒我(3)  打倒(3)  倒了(2)  倒是(2)  不倒(1)  昏倒(1)  倒它(1)  倒楣(1)  要倒(1)  倒要(1)
0x0029,挺,5,也挺(2)  挺會(1)  是挺(1)  挺有(1)  還挺(1)  挺漂(1)  孩挺(1)  挺累(1)  挺無(1)
0x002a,舒,5,很舒(4)  舒服(3)  舒適(2)  好舒(1)
0x002d,剩,4,剩下(3)  他剩(1)  剩波(1)  只剩(1)
0x002e,婦,1,婦人(1)
0x0035,男,6,男孩(3)  小男(2)  男生(1)  男也(1)  壯男(1)  男人(1)  的男(1)
0x0038,乎,12,幾乎(6)  似乎(5)  乎沒(3)  乎是(2)  乎不(1)  乎在(1)  乎很(1)  乎將(1)  乎其(1)  神乎(1)
0x003f,青,1,青年(1)  的青(1)
0x0044,展,2,展露(1)  卡展(1)  展不(1)  發展(1)
0x0045,今,14,今天(8)  至今(2)  今後(2)  你今(1)  今都(1)  今聖(1)  像今(1)  致今(1)  有今(1)  今的(1)
0x004f,善,8,善良(3)  改善(3)  很善(2)  善蘭(1)  地善(1)  善的(1)  和善(1)  善人(1)  善部(1)  善體(1)
0x0053,喜,15,喜歡(12)  最喜(4)  很喜(3)  喜愛(2)  會喜(1)  喜一(1)  歡喜(1)  卻喜(1)  不喜(1)  我喜(1)
0x0057,乘,4,乘破(2)  乘虛(1)  物乘(1)  乘坐(1)  須乘(1)  搭乘(1)
0x0059,並,18,並不(9)  並且(5)  並沒(2)  我並(2)  並帶(2)  裡並(1)  是並(1)  琳並(1)  你並(1)  印並(1)
0x005c,髮,4,頭髮(2)  髮美(2)  髮真(1)  褐髮(1)  金髮(1)
0x005f,招,4,絕招(2)  招待(1)  好招(1)  招而(1)  招式(1)  的招(1)
0x0060,待,8,待人(1)  招待(1)  待回(1)  待了(1)  可待(1)  待在(1)  待過(1)  特待(1)  待自(1)  對待(1)
0x0065,汪,6,
0x0067,居,14,居住(6)  居然(6)  在居(3)  我居(2)  你居(1)  這居(1)  居高(1)  為居(1)  合居(1)  們居(1)
0x006a,跟,15,跟我(7)  跟你(4)  我跟(2)  在跟(2)  跟姊(1)  快跟(1)  跟著(1)  想跟(1)  跟隨(1)  能跟(1)
0x006b,穆,15,穆古(14)  的穆(3)  是穆(3)  過穆(2)  回穆(1)  從穆(1)  在穆(1)  到穆(1)  得穆(1)  穆的(1)
0x006f,充,8,充滿(2)  補充(2)  擴充(2)  處充(1)  充裝(1)  個充(1)  充足(1)  很充(1)  充能(1)  填充(1)
0x0070,滿,5,充滿(2)  滿活(1)  已滿(1)  滿野(1)  滿腦(1)  後滿(1)  不滿(1)
0x0071,活,18,生活(9)  活躍(2)  活真(2)  復活(2)  活在(2)  活力(1)  滿活(1)  然活(1)  活動(1)  的活(1)
0x0074,色,10,色的(4)  紅色(2)  角色(2)  藍色(2)  特色(1)  色聽(1)  色真(1)  景色(1)  色聖(1)  綠色(1)
0x007f,認,19,認識(10)  認為(4)  去認(2)  你認(2)  認同(2)  該認(1)  村認(1)  認出(1)  沒認(1)  都認(1)
0x0080,識,11,認識(10)  識的(3)  識大(2)  識你(2)  識他(1)  識貨(1)  是識(1)  識一(1)
0x0086,遇,16,遇到(14)  我遇(2)  有遇(2)  遇上(2)  是遇(2)  邊遇(1)  才遇(1)  林遇(1)  面遇(1)  也遇(1)
0x008c,毀,14,毀了(7)  物毀(3)  毀滅(3)  所毀(2)  被毀(2)  毀的(1)  而毀(1)  崩毀(1)  也毀(1)  毀整(1)
0x0091,木,8,巨木(3)  用木(2)  樹木(2)  木筏(1)  木了(1)  木材(1)  木頭(1)  木為(1)  之木(1)
0x0092,筏,1,筏逃(1)  木筏(1)
0x0093,逃,4,逃了(2)  人逃(2)  筏逃(1)  逃走(1)  快逃(1)  逃離(1)
0x0095,結,11,結果(4)  結束(3)  連結(3)  麼結(1)  有結(1)  爭結(1)  都結(1)  該結(1)  查結(1)  結各(1)
0x0097,浪,8,浪太(1)  風浪(1)  浪洶(1)  海浪(1)  浪旅(1)  流浪(1)  大浪(1)  波浪(1)  巨浪(1)  浪而(1)
0x0098,沖,1,沖散(1)  被沖(1)
0x0099,散,2,散了(1)  沖散(1)  散在(1)  分散(1)
0x009e,北,19,北方(14)  東北(6)  北邊(4)  西北(2)  到北(2)  在北(2)  北的(1)  子北(1)  說北(1)  往北(1)
0x00a1,火,11,火山(8)  的火(5)  去火(2)  為火(1)  火炎(1)  在火(1)  火也(1)  戰火(1)  火系(1)
0x00a3,灰,3,山灰(2)  灰的(1)  灰和(1)  灰塵(1)  成灰(1)
0x00a5,係,14,關係(14)  係啦(2)  係又(1)  係才(1)
0x00a7,植,1,植物(1)  動植(1)
0x00aa,存,11,存在(6)  生存(4)  已存(2)  是存(1)  道存(1)  物存(1)  存的(1)  存了(1)  近存(1)  存空(1)
0x00ab,既,11,既然(11)  我既(2)  克既(1)  你既(1)
0x00b0,歸,8,歸附(3)  可歸(1)  歸塵(1)  塵歸(1)  歸土(1)  土歸(1)  歸於(1)  能歸(1)  卡歸(1)  城歸(1)
0x00b2,迎,8,歡迎(8)  迎來(4)  迎你(3)  迎妳(1)
0x00b5,介,3,介紹(3)  去介(1)  我介(1)  他介(1)
0x00b6,紹,3,介紹(3)  紹給(2)
0x00b9,每,11,每一(3)  每個(3)  的每(2)  我每(2)  每天(2)  每星(1)  過每(1)  將每(1)  每年(1)  然每(1)
0x00ba,順,7,順便(3)  順利(3)  能順(2)  切順(2)  順完(1)  我順(1)
0x00c0,兩,14,兩個(8)  這兩(2)  了兩(2)  有兩(2)  們兩(1)  兩半(1)  成兩(1)  兩天(1)  證兩(1)  兩位(1)
0x00c1,談,9,談論(2)  談中(2)  會談(2)  談什(1)  在談(1)  不談(1)  談的(1)  好談(1)  空談(1)  談些(1)
0x00c3,吉,5,吉瑞(5)  和吉(2)
0x00c6,望,14,希望(10)  望能(4)  望無(2)  一望(2)  望他(1)  望不(1)  望原(1)  眺望(1)  願望(1)  望階(1)
0x00c9,隻,19,一隻(11)  隻怪(5)  隻小(4)  這隻(3)  隻很(2)  隻類(1)  隻蒼(1)  隻大(1)  隻風(1)  隻因(1)
0x00ca,狗,7,小狗(5)  狗只(1)  狗而(1)  狗被(1)  的狗(1)  狗都(1)  養狗(1)
0x00cb,陪,6,陪我(4)  有陪(1)  以陪(1)  陪那(1)  得陪(1)  陪你(1)  空陪(1)
0x00cd,靠,19,靠近(4)  靠你(4)  是靠(3)  須靠(3)  一靠(2)  為靠(2)  都靠(2)  靠像(2)  光靠(2)  靠艾(2)
0x00d0,姐,8,姐姐(4)  小姐(4)  姐是(1)  官姐(1)  姐常(1)  姐所(1)  姐也(1)
0x00d2,忙,17,幫忙(4)  個忙(4)  的忙(2)  忙的(2)  忙忙(2)  忙完(1)  事忙(1)  忙什(1)  在忙(1)  忙打(1)
0x00d4,哇,3,哇～(1)
0x00d5,～,11,哦～(4)  喔～(3)  呼～(3)  ～對(2)  ～呼(2)  哇～(1)  ～好(1)  ～那(1)  ～達(1)  ～沒(1)
0x00d6,救,11,救回(2)  邊救(2)  救了(2)  救世(2)  拯救(2)  救命(1)  救星(1)  好救(1)  術救(1)  救大(1)
0x00d8,啊,19,氣啊(2)  命啊(1)  人啊(1)  神啊(1)  有啊(1)  布啊(1)  啊為(1)  要啊(1)  我啊(1)  煩啊(1)
0x00d9,媽,11,媽媽(10)  媽說(4)  聽媽(1)  你媽(1)  叫媽(1)
0x00dd,製,15,製造(11)  製成(2)  粉製(2)  製作(2)  麼製(1)  然製(1)  我製(1)  妳製(1)  力製(1)  王製(1)
0x00df,送,15,送給(4)  送術(4)  傳送(4)  輸送(2)  送迪(1)  能送(1)  就送(1)  前送(1)  送上(1)  己送(1)
0x00e1,遭,11,遭到(3)  遭糕(2)  子遭(2)  遭了(2)  遭受(2)  也遭(1)  就遭(1)  越遭(1)  遭破(1)  一遭(1)
0x00e2,糕,3,糕了(2)  遭糕(2)  糟糕(1)
0x00e5,商,18,商人(15)  的商(6)  商量(2)  草商(2)  長商(1)  商店(1)  具商(1)  去商(1)  行商(1)  多商(1)
0x00e8,非,14,非常(8)  除非(3)  莫非(2)  非你(2)  非用(2)  都非(1)  非有(1)  非怪(1)  以非(1)  就非(1)
0x00ed,決,12,解決(8)  決了(4)  決定(2)  經決(1)  決的(1)  決心(1)  個決(1)  麼決(1)  決不(1)  堅決(1)
0x00ee,殺,12,殺了(6)  要殺(4)  你殺(2)  殺她(1)  會殺(1)  殺光(1)  殺死(1)  王殺(1)  然殺(1)  殺我(1)
0x00ef,勸,1,勸你(1)  我勸(1)
0x00f1,猶,2,猶豫(2)  再猶(1)  還猶(1)
0x00f2,豫,2,猶豫(2)  豫了(1)  豫什(1)
0x00f3,鮑,16,鮑伊(16)  到鮑(2)  去鮑(2)  聽鮑(1)  你鮑(1)  找鮑(1)  是鮑(1)
0x00f5,助,18,幫助(17)  助你(5)  助他(2)  助我(2)  助嗎(1)  助她(1)  助就(1)  助才(1)  助人(1)
0x00f7,變,10,變成(3)  變大(2)  改變(2)  經變(1)  也變(1)  變這(1)  會變(1)  漸變(1)  變一(1)  蛻變(1)
0x00fb,拜,13,拜託(11)  就拜(3)  去拜(3)  經拜(1)  要拜(1)  那拜(1)  拜訪(1)  拜會(1)
0x00fc,託,11,拜託(11)  託你(4)  託過(1)  託大(1)  託您(1)  託村(1)  託迪(1)  託殿(1)
0x00ff,拿,16,拿去(7)  快拿(4)  你拿(2)  拿通(2)  都拿(2)  拿到(2)  也拿(1)  個拿(1)  拿不(1)  拿一(1)
0x0102,書,7,的書(1)  書不(1)  藏書(1)  書要(1)  書籍(1)  代書(1)  書房(1)  是書(1)  古書(1)  看書(1)
0x0103,櫃,1,櫃檯(1)  到櫃(1)
0x0105,離,19,離開(14)  便離(2)  快離(2)  道離(1)  才離(1)  肯離(1)  離了(1)  撤離(1)  沒離(1)  緊離(1)
0x010d,究,8,研究(5)  究竟(2)  剛究(1)  究精(1)  究高(1)  究還(1)  終究(1)  你究(1)  究出(1)  究這(1)
0x010e,竟,9,竟然(4)  究竟(2)  竟是(1)  我竟(1)  你竟(1)  竟會(1)  到竟(1)  竟化(1)  竟不(1)  畢竟(1)
0x0112,教,9,請教(5)  教神(2)  教堂(2)  教你(1)  在教(1)  護教(1)  教您(1)  教占(1)  教我(1)  教他(1)
0x0114,答,9,報答(4)  答應(4)  答你(2)  答案(1)  到答(1)  答他(1)  是答(1)  不答(1)  我答(1)  易答(1)
0x0115,案,1,答案(1)
0x0118,聊,5,聊的(2)  無聊(2)  聊時(1)  閒聊(1)  聊天(1)  長聊(1)  像聊(1)
0x0119,哦,18,哦～(4)  錯哦(2)  備哦(1)  然哦(1)  氣哦(1)  帥哦(1)  害哦(1)  試哦(1)  棒哦(1)  熟哦(1)
0x011a,愛,20,愛斯(7)  愛的(2)  愛到(2)  喜愛(2)  愛女(1)  生愛(1)  愛玩(1)  哥愛(1)  可愛(1)  愛民(1)
0x011f,繼,7,繼承(4)  新繼(3)  繼續(2)  才繼(1)  以繼(1)  繼被(1)  相繼(1)  了繼(1)
0x0120,續,2,繼續(2)  續說(1)  續進(1)
0x0122,突,16,突然(14)  麼突(2)  衝突(2)  物突(1)  我突(1)  量突(1)  芒突(1)  子突(1)  發突(1)  太突(1)
0x0125,嚇,5,嚇哭(2)  你嚇(2)  嚇死(2)  嚇到(1)  常嚇(1)  是嚇(1)
0x0126,哭,2,哭了(2)  嚇哭(2)
0x0128,否,12,是否(6)  否則(4)  否有(2)  否可(2)  題否(1)  否真(1)  否容(1)  可否(1)  否發(1)  否還(1)
0x0129,則,6,否則(4)  則神(1)  則學(1)  官則(1)  則過(1)  則就(1)  則的(1)  原則(1)
0x012c,避,1,避難(1)  是避(1)
0x012d,襲,2,襲由(1)  奇襲(1)  吹襲(1)
0x012f,室,1,寢室(1)
0x0133,狀,6,形狀(2)  的狀(2)  狀態(2)  狀不(1)  狀況(1)  異狀(1)  戒狀(1)  狀的(1)
0x0134,態,3,狀態(2)  將態(1)
0x0135,系,3,系魔(2)  光系(2)  系的(1)  火系(1)
0x0136,統,15,統治(7)  統一(6)  的統(3)  有統(3)  所統(2)  統大(1)  一統(1)  量統(1)  他統(1)  新統(1)
0x013a,速,3,速度(2)  的速(1)  速增(1)  急速(1)  車速(1)
0x013b,度,9,進度(3)  速度(2)  度如(1)  度大(1)  度太(1)  度也(1)  強度(1)  度上(1)  程度(1)  度的(1)
0x013c,視,4,視神(2)  視遊(1)  電視(1)  視武(1)  重視(1)  茲視(1)  歧視(1)
0x013e,遊,4,遊戲(2)  遊樂(1)  視遊(1)  腦遊(1)  遊世(1)  旅遊(1)
0x013f,戲,2,遊戲(2)  戲該(1)
0x0141,樂,8,樂德(4)  哈樂(4)  樂什(1)  不樂(1)  樂器(1)  遊樂(1)  樂意(1)  常樂(1)  樂之(1)  快樂(1)
0x0142,效,5,效忠(4)  遠效(2)  特效(1)  定效(1)
0x014f,旁,5,旁邊(3)  旁的(2)  身旁(2)  床旁(1)
0x0151,附,5,歸附(3)  附近(2)  附於(2)  這附(1)  城附(1)  附艾(1)
0x0156,流,10,流的(2)  一流(2)  流下(2)  流到(1)  漂流(1)  流防(1)  輪流(1)  流浪(1)  處流(1)  化流(1)
0x015a,分,20,十分(6)  分人(3)  部分(3)  分裂(2)  分別(2)  分反(1)  分融(1)  分恐(1)  分貴(1)  不分(1)
0x015d,類,9,人類(5)  類似(1)  隻類(1)  類造(1)  類的(1)  之類(1)  類旅(1)  這類(1)  類新(1)  類出(1)
0x015e,似,9,似乎(5)  似的(2)  子似(2)  鍊似(1)  過似(1)  似怪(1)  類似(1)  寧似(1)  似無(1)  看似(1)
0x015f,深,5,深深(2)  深的(2)  我深(1)  深地(1)  高深(1)  極深(1)  深藍(1)
0x0162,迷,8,迷宮(5)  的迷(2)  座迷(2)  迷藏(1)  躲迷(1)  迷團(1)  個迷(1)  林迷(1)  迷路(1)  到迷(1)
0x0163,團,2,迷團(1)  團結(1)  的團(1)
0x0165,免,6,幸免(2)  免得(2)  免的(1)  難免(1)  免別(1)  以免(1)
0x0166,奇,16,奇怪(7)  也奇(2)  奇特(2)  奇珍(2)  購奇(2)  種奇(1)  奇異(1)  琳奇(1)  奇的(1)  神奇(1)
0x0167,異,5,異寶(2)  珍異(2)  異的(1)  奇異(1)  異狀(1)  有異(1)  異而(1)  差異(1)
0x016a,傳,15,傳說(8)  傳送(4)  在傳(2)  的傳(2)  傳遞(1)  間傳(1)  用傳(1)  了傳(1)  傳聞(1)  過傳(1)
0x016b,擁,5,擁有(5)  能擁(1)  中擁(1)  會擁(1)  是擁(1)
0x016c,允,2,允許(2)  的允(1)  王允(1)
0x016d,許,19,或許(6)  也許(6)  准許(3)  許能(3)  許不(3)  允許(2)  許你(2)  許賣(2)  許多(2)  許我(1)
0x016e,任,14,任務(7)  任何(4)  的任(4)  有任(3)  責任(3)  成任(1)  衛任(1)
0x0174,始,15,開始(15)  始準(2)  始連(2)  始使(1)  始管(1)  始會(1)  始蓋(1)  始我(1)  始燃(1)  始做(1)
0x0175,管,15,不管(3)  管了(2)  總管(2)  管治(2)  管制(1)  始管(1)  接管(1)  管他(1)  著管(1)  管理(1)
0x0176,制,6,制服(2)  控制(2)  制聖(1)  管制(1)  制怪(1)  抑制(1)  們制(1)  的制(1)
0x0178,祈,2,祈禱(2)  去祈(1)
0x0179,禱,2,祈禱(2)  禱時(1)
0x017a,Ｚ,2,
0x017b,牆,1,牆上(1)
0x017c,壁,3,隔壁(2)  壁畫(1)  的壁(1)  壁住(1)  壁樹(1)
0x017d,畫,2,畫是(1)  壁畫(1)  畫的(1)  所畫(1)
0x017e,百,7,百年(3)  一百(2)  百戰(1)  經百(1)  在百(1)  百病(1)  治百(1)  幾百(1)  百元(1)  三百(1)
0x0180,樓,1,樓梯(1)
0x0181,梯,1,梯上(1)  樓梯(1)
0x0184,令,17,命令(11)  下令(4)  令人(2)  令在(2)  令加(2)  得令(1)  令他(1)  令封(1)  的令(1)  令是(1)
0x0185,第,7,第一(5)  我第(2)  的第(1)  特第(1)  第二(1)  第三(1)
0x0189,臨,7,臨時(4)  是臨(2)  臨下(1)  高臨(1)  達臨(1)  為臨(1)  光臨(1)  臨了(1)  降臨(1)
0x018a,眺,1,眺望(1)  下眺(1)
0x018b,野,7,野心(4)  有野(2)  原野(1)  滿野(1)  野外(1)  及野(1)  野蠻(1)  個野(1)  的野(1)
0x018c,概,2,大概(2)  概是(1)  概知(1)
0x018d,與,8,與我(3)  與眾(2)  與當(1)  村與(1)  像與(1)  與你(1)  我與(1)  的與(1)  意與(1)  在與(1)
0x018f,獲,4,獲得(3)  能獲(2)  獲吧(1)  收獲(1)
0x0192,丁,16,奧丁(16)  丁王(4)  丁城(2)  丁呢(1)  丁國(1)  丁的(1)  丁就(1)  丁吧(1)
0x0194,試,8,試試(6)  要試(2)  試看(2)  他試(1)  試哦(1)  一試(1)  試過(1)  有試(1)
0x0195,調,13,調查(13)  前調(2)  做調(2)  人調(1)  經調(1)  坑調(1)  去調(1)  想調(1)  在調(1)  起調(1)
0x0196,查,14,調查(13)  查怪(6)  查過(1)  查吧(1)  查結(1)  查波(1)  探查(1)
0x0197,雖,14,雖然(11)  雖被(1)  人雖(1)  雖分(1)  石雖(1)  雖身(1)  斯雖(1)  下雖(1)  陸雖(1)  上雖(1)
0x0199,立,17,立刻(8)  我立(3)  立即(3)  立一(2)  在立(2)  立為(2)  自立(2)  琳立(1)  就立(1)  以立(1)
0x019a,刻,10,立刻(8)  刻叫(3)  刻前(2)  即刻(2)  刻去(1)  刻來(1)  刻派(1)  刻出(1)  刻命(1)
0x019c,雨,8,下雨(6)  雨天(1)  雨水(1)  和雨(1)  喚雨(1)  雨了(1)
0x019e,混,7,混了(2)  混亂(2)  混入(2)  曾混(2)  斯混(1)  混合(1)  水混(1)  來混(1)  勢混(1)  在混(1)
0x019f,合,12,適合(3)  合我(2)  符合(2)  聯合(2)  合落(1)  混合(1)  合居(1)  合步(1)  合起(1)  集合(1)
0x01a0,落,20,村落(6)  部落(5)  落的(3)  下落(3)  落間(3)  落下(1)  合落(1)  日落(1)  落石(1)  被落(1)
0x01a1,形,11,形成(4)  地形(3)  形狀(2)  而形(1)  形怎(1)  情形(1)  的形(1)  形相(1)  卻形(1)  形的(1)
0x01a3,綠,3,綠地(2)  有綠(1)  綠色(1)  們綠(1)  的綠(1)
0x01a5,急,10,急風(3)  急著(2)  正急(2)  急事(2)  有急(2)  急急(2)  的急(2)  麼急(1)  急速(1)  急忙(1)
0x01a7,復,14,恢復(5)  回復(3)  復生(2)  能復(2)  復活(2)  復這(1)  復斷(1)  修復(1)  復型(1)  用復(1)
0x01a8,斷,7,不斷(4)  斷橋(2)  斷地(2)  復斷(1)  斷了(1)  橋斷(1)  斷由(1)
0x01aa,岸,1,岸的(1)  對岸(1)
0x01ab,格,1,格雷(1)  的格(1)
0x01ad,絡,7,連絡(6)  聯絡(1)  絡就(1)  絡村(1)  絡問(1)  絡好(1)
0x01ae,座,17,這座(5)  座王(5)  一座(3)  那座(3)  座橋(2)  座迷(2)  五座(2)  四座(2)  座聯(1)  座蘭(1)
0x01b4,源,12,能源(7)  來源(3)  源嗎(1)  源的(1)  源可(1)  禍源(1)  源供(1)  資源(1)  源壓(1)  源桶(1)
0x01b5,興,13,高興(5)  興趣(3)  興建(2)  興的(1)  有興(1)  興了(1)  要興(1)  以興(1)  興喔(1)  掃興(1)
0x01b6,趣,4,興趣(3)  趣呢(1)  無趣(1)
0x01b7,啦,9,係啦(2)  有啦(1)  麼啦(1)  的啦(1)  錯啦(1)  以啦(1)  鍊啦(1)  來啦(1)
0x01ba,訴,13,告訴(13)  訴我(8)  訴你(4)  訴他(1)
0x01bb,豈,1,豈不(1)  那豈(1)
0x01bc,更,18,就更(3)  更是(3)  是更(2)  有更(2)  更加(2)  更方(2)  更發(2)  會更(2)  更糟(1)  更厲(1)
0x01bd,糟,6,糟了(4)  更糟(1)  糟糕(1)  真糟(1)  太糟(1)
0x01c1,傷,16,傷不(4)  傷的(3)  傷害(3)  傷了(3)  打傷(3)  受傷(2)  都傷(2)  傷痕(1)  個傷(1)  成傷(1)
0x01c3,伴,2,同伴(2)  伴吧(1)
0x01c4,留,11,留下(6)  留在(4)  們留(2)  能留(1)  好留(1)  留著(1)  上留(1)  只留(1)  獸留(1)  先留(1)
0x01c5,準,16,準備(16)  經準(3)  始準(2)  人準(2)  長準(2)  理準(1)  也準(1)  正準(1)  你準(1)  弓準(1)
0x01c6,血,2,血可(1)  到血(1)  血流(1)  破血(1)
0x01c7,昏,1,昏倒(1)  要昏(1)
0x01c8,晚,4,晚了(2)  來晚(2)  晚點(1)  近晚(1)  晚上(1)  是晚(1)
0x01c9,步,4,一步(2)  步應(1)  步隊(1)  合步(1)  步是(1)  徒步(1)
0x01ca,死,18,死了(3)  打死(2)  死不(2)  人死(2)  死在(2)  戰死(2)  死人(2)  嚇死(2)  經死(1)  殺死(1)
0x01cb,痕,2,傷痕(1)  痕跡(1)  的痕(1)
0x01ce,底,10,到底(8)  底是(4)  底怎(2)  底發(1)  底有(1)  徹底(1)  地底(1)
0x01cf,保,16,保護(6)  保衛(4)  是保(2)  要保(2)  保我(1)  難保(1)  保持(1)  請保(1)  保證(1)  都保(1)
0x01d0,付,3,對付(2)  付不(1)  應付(1)  付我(1)  付山(1)
0x01d2,鬥,3,鬥可(1)  戰鬥(1)  鬥的(1)  打鬥(1)  鬥志(1)  的鬥(1)
0x01d3,排,1,排成(1)  石排(1)
0x01da,驗,1,體驗(1)
0x01db,值,5,值錢(3)  不值(2)  值得(1)  這值(1)  是值(1)  值不(1)  得值(1)
0x01de,智,2,智也(1)  才智(1)  智者(1)  的智(1)
0x01e0,防,18,防具(7)  防衛(3)  的防(3)  防守(2)  買防(2)  要防(2)  軍防(1)  防範(1)  好防(1)  防身(1)
0x01e2,技,5,科技(2)  技的(2)  技軸(1)  技巧(1)  的技(1)  技真(1)  競技(1)  其技(1)
0x01e3,術,8,送術(4)  術救(1)  術復(1)  活術(1)  術一(1)  術之(1)  邪術(1)  術嗎(1)  醫術(1)  術可(1)
0x01e4,幸,9,不幸(3)  幸免(2)  一幸(2)  是幸(2)  幸的(2)  幸了(1)  幸能(1)  榮幸(1)  幸福(1)  幸好(1)
0x01e5,運,7,運氣(2)  好運(1)  走運(1)  是運(1)  的運(1)  運用(1)  次運(1)  運呀(1)  幸運(1)  運送(1)
0x01e6,體,20,身體(6)  體力(3)  體的(3)  實體(3)  體型(2)  員體(2)  屍體(2)  體驗(1)  體會(1)  能體(1)
0x01e7,況,11,情況(8)  況越(1)  況是(1)  況如(1)  狀況(1)  況下(1)  況我(1)  況且(1)  況說(1)  何況(1)
0x01e9,頻,3,頻繁(3)  沒頻(2)  太頻(1)
0x01ea,繁,5,頻繁(3)  繁星(1)  如繁(1)  繁了(1)  繁榮(1)  一繁(1)
0x01eb,嚴,3,嚴重(2)  麼嚴(1)  嚴密(1)  的嚴(1)  最嚴(1)
0x01ed,止,8,止盡(2)  無止(2)  停止(2)  止進(1)  禁止(1)  止不(1)  阻止(1)  止呀(1)  止了(1)  為止(1)
0x01ef,侵,2,入侵(1)  侵略(1)  隊侵(1)
0x01f2,程,5,工程(2)  程中(2)  旅程(1)  程的(1)  程度(1)  在程(1)  過程(1)
0x01f3,監,1,總監(1)
0x01f5,手,7,手不(1)  身手(1)  手鐲(1)  的手(1)  手呀(1)  住手(1)  手礙(1)  礙手(1)  手了(1)  到手(1)
0x01f6,輸,6,輸給(2)  會輸(2)  我輸(2)  輸送(2)  連輸(2)  輸的(1)  輸了(1)
0x01f8,宮,6,迷宮(5)  宮的(1)  皇宮(1)  宮相(1)  宮藏(1)
0x01f9,禁,5,禁衛(4)  的禁(1)  和禁(1)  禁止(1)  已禁(1)
0x01fc,取,10,取得(4)  抽取(3)  法取(1)  取它(1)  先取(1)  了取(1)  取出(1)  取邪(1)  取高(1)  收取(1)
0x01fd,跨,7,跨海(7)  為跨(2)  了跨(2)  道跨(1)  到跨(1)  座跨(1)
0x01fe,際,3,際的(3)  無際(2)  實際(1)
0x01ff,丑,1,小丑(1)
0x0200,功,10,武功(3)  成功(2)  功倍(1)  半功(1)  功績(1)  麼功(1)  功勞(1)  有功(1)  功而(1)  無功(1)
0x0201,績,1,功績(1)
0x0202,巴,20,巴瓦(14)  巴特(6)  軍巴(5)  和巴(1)  的巴(1)  是巴(1)  聽巴(1)  了巴(1)  找巴(1)
0x0204,房,11,房間(5)  人房(2)  們房(2)  牢房(2)  房還(1)  空房(1)  房也(1)  書房(1)  的房(1)  房舍(1)
0x0206,研,5,研究(5)  在研(2)  有研(1)  門研(1)  軍研(1)
0x020a,布,3,布啊(1)  尿布(1)  布德(1)  的布(1)  布在(1)  分布(1)
0x020b,草,13,藥草(5)  竹草(3)  草原(3)  草商(2)  草煮(2)  草樹(1)  花草(1)  草我(1)  種草(1)  草一(1)
0x020c,菜,1,菜都(1)  作菜(1)
0x020d,遜,1,遜的(1)  不遜(1)
0x020e,口,12,口氣(2)  的口(2)  出口(2)  口處(2)  凹口(2)  入口(2)  口上(1)  人口(1)  口定(1)  港口(1)
0x020f,味,2,味道(2)  的味(2)
0x0213,採,8,去採(3)  採能(2)  採藥(2)  窟採(2)  採建(1)  開採(1)  採石(1)  坑採(1)  採柴(1)  採的(1)
0x0217,信,15,相信(7)  封信(2)  信他(2)  信我(1)  信賴(1)  最信(1)  信使(1)  靠信(1)  的信(1)  信就(1)
0x0218,親,15,父親(5)  親眼(3)  親自(2)  會親(2)  的親(2)  親兄(1)  是親(1)  經親(1)  親身(1)  來親(1)
0x0219,眼,10,眼看(3)  親眼(3)  好眼(2)  眼前(1)  在眼(1)  眼睛(1)  的眼(1)  眼不(1)  一眼(1)  眼界(1)
0x021a,斧,1,斧把(1)  一斧(1)
0x021b,塊,3,一塊(2)  塊大(1)  塊空(1)  塊小(1)  有塊(1)
0x021c,劈,1,劈成(1)  石劈(1)
0x021d,半,5,半部(2)  西半(2)  半功(1)  事半(1)  兩半(1)  東半(1)  半邊(1)
0x0220,賴,1,賴的(1)  信賴(1)
0x0221,三,13,三十(3)  的三(2)  三天(2)  有三(2)  三樣(2)  三次(1)  殿三(1)  要三(1)  三個(1)  夜三(1)
0x0222,練,8,練拳(3)  在練(3)  練個(1)  再練(1)  練了(1)  是練(1)  會練(1)  想練(1)  練習(1)  練武(1)
0x0223,習,8,習慣(4)  學習(3)  都習(2)  習也(1)  習攻(1)  習回(1)  活習(1)  習劍(1)  練習(1)  是習(1)
0x0225,藝,2,武藝(2)  藝高(1)  藝和(1)
0x0226,場,9,場戰(6)  那場(6)  的場(2)  一場(1)  場景(1)  場地(1)
0x0227,指,4,是指(3)  指日(1)  就指(1)  指十(1)  指娜(1)  指這(1)
0x0228,導,6,導之(3)  引導(3)  領導(2)  導致(1)  才導(1)
0x0229,后,4,皇后(4)  后娘(2)
0x022a,娘,2,后娘(2)
0x022b,唉,6,
0x022c,葛,8,葛雷(8)  的葛(1)  從葛(1)  和葛(1)  弟葛(1)  由葛(1)  在葛(1)
0x022e,接,7,接下(2)  直接(2)  接管(1)  恩接(1)  接蘭(1)  聯接(1)  接受(1)  要接(1)  接去(1)  接近(1)
0x022f,政,5,政權(2)  的政(2)  政愛(1)  勤政(1)  政呀(1)  德政(1)  為政(1)
0x0230,權,2,政權(2)  權後(1)
0x0232,惱,3,煩惱(3)  惱了(1)
0x0234,階,2,階下(2)  王階(1)  望階(1)
0x0235,勤,3,勤政(1)  位勤(1)  勤時(1)  執勤(1)  勤務(1)  近勤(1)
0x0237,賢,6,的賢(4)  賢者(3)  賢明(2)  賢君(1)  當賢(1)  分賢(1)
0x0238,君,1,賢君(1)
0x0239,榮,3,榮幸(1)  很榮(1)  榮華(1)  求榮(1)  繁榮(1)
0x023a,隨,11,隨便(5)  以隨(2)  要隨(2)  隨在(1)  跟隨(1)  隨魔(1)  將隨(1)  隨你(1)  想隨(1)  隨即(1)
0x023b,密,4,秘密(1)  密防(1)  嚴密(1)  密是(1)  祕密(1)  密樹(1)  茂密(1)
0x023c,蒼,1,蒼蠅(1)  隻蒼(1)
0x023d,蠅,1,蠅也(1)  蒼蠅(1)
0x0240,光,15,的光(3)  閃光(2)  光系(2)  光芒(2)  光靠(2)  但光(2)  光太(1)  光所(1)  殺光(1)  光從(1)
0x0242,擾,4,打擾(3)  擾我(2)  困擾(1)
0x0245,證,6,行證(5)  證進(2)  證兩(1)  保證(1)  證給(1)
0x0247,清,9,清楚(6)  不清(3)  清的(1)  被清(1)  清理(1)  物清(1)  問清(1)  很清(1)  也清(1)  清澈(1)
0x0248,乾,3,乾淨(2)  乾二(1)  一乾(1)  理乾(1)  愛乾(1)
0x0249,淨,4,乾淨(2)  二淨(1)  淨化(1)  能淨(1)
0x024a,終,18,終於(14)  你終(3)  橋終(2)  們終(2)  終年(2)  終究(1)  伙終(1)  終極(1)  的終(1)  是終(1)
0x024d,犧,7,犧牲(5)  犧性(2)  那犧(1)  也犧(1)  卻犧(1)  都犧(1)  家犧(1)  的犧(1)
0x024e,牲,5,犧牲(5)  牲了(4)  牲白(1)
0x024f,直,18,一直(13)  直沒(3)  直不(2)  直接(2)  直想(2)  簡直(2)  直是(2)  直在(2)  王直(1)  直到(1)
0x0250,肯,4,不肯(2)  肯離(1)  肯一(1)  子肯(1)  肯不(1)  你肯(1)  肯幫(1)
0x0251,另,5,另一(5)  從另(1)  的另(1)  湖另(1)  過另(1)
0x0253,准,7,不准(4)  准許(3)  有准(2)  准賣(2)  准進(2)  能准(1)
0x0254,照,4,照你(1)  照您(1)  依照(1)  照顧(1)  己照(1)  照當(1)  遵照(1)
0x0255,緊,6,趕緊(6)  緊去(2)  緊離(1)  緊派(1)  緊出(1)  緊回(1)
0x0256,影,5,影響(3)  到影(1)  人影(1)  會影(1)  影下(1)  陰影(1)  的影(1)
0x0257,材,11,材料(7)  的材(3)  身材(2)  材相(1)  材高(1)  木材(1)  是材(1)  此材(1)  材製(1)  建材(1)
0x0259,魁,1,魁武(1)  當魁(1)
0x025c,耽,1,耽心(1)  為耽(1)
0x025d,普,3,普通(3)  是普(1)  位普(1)
0x025f,右,4,右邊(1)  走右(1)  右側(1)  堡右(1)  右方(1)  最右(1)  右兩(1)  左右(1)
0x0260,左,4,左邊(1)  走左(1)  左側(1)  堡左(1)  左方(1)  陸左(1)  左右(1)  在左(1)
0x0262,輕,14,年輕(8)  輕人(5)  輕輕(2)  輕的(2)  輕易(2)  會輕(2)  不輕(1)  紀輕(1)  輕時(1)  輕盈(1)
0x0264,藥,9,藥草(5)  是藥(2)  的藥(2)  藥才(2)  成藥(2)  採藥(2)  亞藥(1)
0x0266,療,6,治療(6)  療我(4)  療您(2)
0x0267,酸,2,酸痛(2)  我酸(2)
0x0268,痛,2,痛的(2)  酸痛(2)
0x0269,二,7,二天(2)  二年(1)  二淨(1)  乾二(1)  二位(1)  這二(1)  二個(1)  要二(1)  二樣(1)  第二(1)
0x026b,窟,12,洞窟(12)  窟去(2)  窟就(2)  窟採(2)  窟看(1)  窟以(1)  窟有(1)  窟中(1)  窟找(1)
0x026d,獸,18,怪獸(18)  獸都(3)  獸牙(3)  獸的(2)  獸好(2)  獸嗎(1)  獸真(1)  獸出(1)  獸有(1)  獸吃(1)
0x026e,牙,15,牙齒(8)  牙王(7)  的牙(5)  目牙(4)  獸牙(3)  於牙(2)  比牙(1)
0x026f,齒,8,牙齒(8)  齒磨(2)  齒我(2)  齒吧(1)  齒在(1)  齒據(1)
0x0270,磨,2,磨成(2)  齒磨(2)
0x0271,粉,3,粉製(2)  成粉(2)  打粉(1)
0x0272,醫,3,醫治(2)  以醫(2)  醫術(1)  會醫(1)
0x0275,激,3,激了(1)  感激(1)  激增(1)  量激(1)  刺激(1)
0x0276,衝,6,衝突(2)  衝過(1)  物衝(1)  衝出(1)  人衝(1)  衝擊(1)  的衝(1)  起衝(1)  生衝(1)  衝力(1)
0x0277,閃,3,閃光(2)  個閃(1)  閃開(1)  快閃(1)  陣閃(1)
0x0278,咦,4,
0x0279,聲,6,吼聲(2)  聲鼓(1)  掌聲(1)  我聲(1)  叫聲(1)  聲才(1)  吞聲(1)
0x027a,2,2,20(2)  次2(1)
0x027b,5,5,50(5)  15(2)  35(1)  45(1)
0x0280,明,17,明的(5)  明家(5)  發明(5)  聰明(3)  明白(2)  我明(2)  賢明(2)  明明(2)  明是(2)  神明(1)
0x0283,數,7,數量(3)  的數(2)  少數(2)  物數(1)  數倍(1)  光數(1)  數人(1)  數的(1)  數萬(1)  用數(1)
0x0289,冰,13,冰戰(9)  破冰(9)  冰原(4)  的冰(2)  這冰(1)  過冰(1)
0x028a,爆,2,爆炸(1)  陣爆(1)  爆破(1)  在爆(1)
0x0290,裂,18,裂縫(16)  個裂(4)  的裂(3)  到裂(2)  裂的(2)  分裂(2)  說裂(2)  去裂(1)  入裂(1)  從裂(1)
0x0292,弓,18,巨弓(14)  弓我(2)  把弓(1)  弓箭(1)  般弓(1)  弓只(1)  弓做(1)  弓以(1)  弓這(1)  弓的(1)
0x0293,姓,2,冠姓(1)  姓名(1)  及姓(1)
0x0294,名,11,名字(4)  的名(4)  大名(2)  有名(1)  名在(1)  名應(1)  本名(1)  名子(1)  姓名(1)  威名(1)
0x0295,齡,2,年齡(2)  齡1(1)  齡的(1)
0x0297,金,4,金的(1)  為金(1)  金髮(1)  位金(1)  獎金(1)  金色(1)  到金(1)
0x0298,錢,20,錢不(7)  的錢(7)  價錢(3)  些錢(3)  值錢(3)  錢的(2)  有錢(1)  錢用(1)  錢你(1)  錢也(1)
0x029a,劍,16,劍士(6)  的劍(4)  劍法(3)  一劍(2)  是劍(2)  你劍(2)  長劍(1)  露劍(1)  著劍(1)  劍都(1)
0x029c,刀,2,刀槍(1)  鬼刀(1)  刀當(1)  把刀(1)
0x029e,首,6,禍首(2)  首都(1)  了首(1)  首嗎(1)  首德(1)  之首(1)  首飾(1)  首要(1)  成首(1)
0x029f,短,2,短短(2)  在短(1)  短的(1)
0x02a0,槍,1,槍不(1)  刀槍(1)
0x02a1,拳,3,練拳(3)  拳了(1)
0x02a2,套,1,圈套(1)
0x02a3,杖,2,杖可(1)  字杖(1)  杖進(1)  把杖(1)
0x02a8,晶,2,晶項(2)  水晶(2)
0x02ac,容,5,容易(3)  容我(2)  天容(1)  內容(1)  否容(1)  不容(1)  件容(1)
0x02ad,易,7,容易(3)  輕易(2)  易使(1)  易放(1)  易近(1)  平易(1)  交易(1)  易得(1)  易的(1)  易答(1)
0x02ae,引,8,引導(3)  引發(2)  引起(2)  引我(1)  吸引(1)  個引(1)  到引(1)  出引(1)  前引(1)  寒引(1)
0x02b0,志,2,志力(1)  意志(1)  志開(1)  鬥志(1)
0x02b3,電,2,電視(1)  最電(1)  電腦(1)  的電(1)
0x02b4,予,1,予人(1)  給予(1)
0x02b5,刺,1,刺激(1)  很刺(1)
0x02b6,極,9,極大(4)  極收(1)  預極(1)  來極(1)  他極(1)  極絕(1)  終極(1)  極光(1)  滅極(1)  有極(1)
0x02b7,穿,8,穿過(3)  穿越(3)  要穿(2)  穿梭(1)  穿紅(1)  身穿(1)  須穿(1)
0x02b8,透,3,透過(3)  要透(1)  力透(1)
0x02b9,屬,11,屬於(7)  是屬(6)  就屬(3)  屬這(1)  屬下(1)  屬我(1)  屬尼(1)
0x02ba,破,19,破冰(9)  破壞(7)  被破(2)  乘破(2)  從破(1)  種破(1)  念破(1)  遭破(1)  破的(1)  爆破(1)
0x02bb,壞,8,破壞(7)  壞的(1)  壞和(1)  壞殆(1)  壞封(1)  壞時(1)  壞蛋(1)  大壞(1)  壞龐(1)
0x02bd,羅,3,羅蘭(3)  到羅(1)  是羅(1)
0x02c2,空,17,空地(3)  時空(3)  空中(3)  有空(2)  天空(2)  空間(2)  於空(2)  空歡(1)  我空(1)  邊空(1)
0x02c3,鷹,2,鷹的(2)  老鷹(1)  翼鷹(1)
0x02c4,雙,1,雙人(1)
0x02c5,咒,5,咒文(3)  的咒(2)  精咒(1)  炎咒(1)  痺咒(1)
0x02c6,文,4,咒文(3)  文很(1)  文森(1)  是文(1)
0x02c7,跑,12,跑出(3)  會跑(2)  要跑(2)  跑到(2)  又跑(1)  跑來(1)  山跑(1)  人跑(1)  跑一(1)  白跑(1)
0x02c8,撤,2,撤離(1)  都撤(1)  撤退(1)  好撤(1)
0x02c9,退,4,退後(1)  快退(1)  退路(1)  的退(1)  撤退(1)  退了(1)  水退(1)
0x02ca,精,13,精神(11)  的精(4)  作精(1)  究精(1)  精咒(1)  妖精(1)  想精(1)  而精(1)  將精(1)  具精(1)
0x02cc,代,6,交代(2)  代的(1)  代國(1)  前代(1)  代書(1)  古代(1)  代替(1)  我代(1)  代過(1)  代表(1)
0x02cd,驚,1,驚訝(1)  好驚(1)
0x02ce,斬,3,卷斬(3)  斬的(1)
0x02cf,靈,5,靈魂(3)  的靈(2)  我靈(1)  靈氣(1)  精靈(1)
0x02d2,七,18,七年(14)  十七(14)  七個(3)  七棵(1)  有七(1)  做七(1)  於七(1)
0x02d3,星,9,芒星(4)  星水(2)  星期(1)  每星(1)  星也(1)  救星(1)  星封(1)  條星(1)  星多(1)  繁星(1)
0x02d4,吸,2,吸引(1)  太吸(1)  吸收(1)  已吸(1)
0x02d6,月,5,個月(4)  月前(1)  月份(1)  六月(1)  月後(1)  月要(1)
0x02d7,勇,7,勇者(4)  的勇(3)  勇猛(2)  還勇(2)  是勇(1)  些勇(1)  勇氣(1)
0x02d8,封,20,封印(13)  封閉(2)  封信(2)  這封(2)  念封(2)  除封(2)  令封(1)  經封(1)  是封(1)  要封(1)
0x02d9,獄,1,獄無(1)  地獄(1)
0x02da,夢,1,夢到(1)  常夢(1)
0x02db,幻,2,幻的(1)  奇幻(1)  幻滅(1)  叫幻(1)
0x02dd,滅,18,消滅(10)  滅了(5)  毀滅(3)  滅得(1)  才滅(1)  滅萬(1)  被滅(1)  滅不(1)  滅掉(1)  滅毀(1)
0x02de,陽,1,陽光(1)
0x02e0,字,5,名字(4)  字嗎(1)  字杖(1)  十字(1)  字是(1)
0x02e1,霸,2,霸道(2)  蠻霸(1)  又霸(1)
0x02e2,盔,1,盔甲(1)  的盔(1)
0x02e4,飾,1,首飾(1)
0x02e5,皮,1,皮的(1)  有皮(1)
0x02e7,冠,1,冠姓(1)  的冠(1)
0x02eb,司,1,司祭(1)
0x02ec,祭,1,司祭(1)
0x02ee,甲,1,甲好(1)  盔甲(1)
0x02ef,衣,4,衣服(3)  的衣(3)  稼衣(1)
0x02f0,背,2,背上(1)  你背(1)  背了(1)  經背(1)
0x02f1,絲,1,絲質(1)
0x02f2,羽,2,羽毛(2)  的羽(2)
0x02f4,胸,1,胸狹(1)  心胸(1)
0x02f5,炎,6,炎鬼(3)  炎熱(1)  得炎(1)  炎咒(1)  火炎(1)  做炎(1)  叫炎(1)  個炎(1)  聖炎(1)
0x02f6,寒,4,寒冷(3)  於寒(1)  較寒(1)  當寒(1)  寒引(1)  石寒(1)
0x02f7,夫,1,夫的(1)  農夫(1)
0x02f8,妖,2,妖精(1)  樹妖(1)  妖怪(1)  的妖(1)
0x02fb,護,10,保護(6)  守護(3)  護神(2)  護聖(2)  護教(1)  維護(1)  護更(1)  護國(1)  護龐(1)  護各(1)
0x0300,藍,2,藍色(2)  是藍(1)  深藍(1)
0x0302,英,3,英雄(2)  英俊(1)  又英(1)  是英(1)
0x0303,雄,3,英雄(2)  雄偉(1)  當雄(1)  雄戰(1)
0x0304,印,15,封印(13)  印的(4)  腳印(2)  印邪(1)  印並(1)  印我(1)  印不(1)
0x0309,箭,1,弓箭(1)
0x030b,比,17,比較(8)  也比(2)  就比(2)  比頭(2)  說比(2)  村比(1)  去比(1)  比蘭(1)  候比(1)  比牙(1)
0x030c,陣,18,陣子(14)  前陣(9)  一陣(7)  陣爆(1)  了陣(1)  陣閃(1)  陣亡(1)  中陣(1)  陣了(1)
0x0311,洛,1,洛爾(1)
0x0312,拉,11,拉賽(10)  我拉(3)  拉爾(1)  傑拉(1)  來拉(1)  是拉(1)  在拉(1)  有拉(1)  於拉(1)
0x0313,亂,7,別亂(4)  亂說(2)  混亂(2)  亂買(1)  這亂(1)  亂跑(1)  亂走(1)
0x0314,猛,4,兇猛(2)  勇猛(2)  猛了(1)
0x0316,超,7,超強(2)  是超(2)  超過(2)  了超(1)  超越(1)  超毀(1)  經超(1)  於超(1)
0x0318,迴,1,迴力(1)  做迴(1)
0x031a,卷,3,卷斬(3)  龍卷(3)
0x031b,聚,1,聚合(1)  一聚(1)
0x0320,至,7,至今(2)  至於(2)  至少(2)  至王(1)  通至(1)  是至(1)  們至(1)
0x0321,單,5,簡單(3)  單人(1)  是單(1)  單呀(1)  單的(1)  單說(1)  床單(1)
0x0322,敵,1,敵的(1)  無敵(1)
0x0327,脫,1,脫不(1)  絕脫(1)
0x0329,冷,6,寒冷(3)  冷了(2)  太冷(2)  冷潮(1)  冷點(1)  氣冷(1)
0x032e,環,2,環境(2)  的環(1)
0x0330,麻,13,麻煩(12)  麼麻(2)  上麻(1)  想麻(1)  話麻(1)  是麻(1)  要麻(1)  就麻(1)  行麻(1)  以麻(1)
0x0331,痺,1,痺咒(1)  麻痺(1)
0x0332,轉,6,轉換(3)  的轉(1)  轉化(1)  空轉(1)  轉讓(1)  鍊轉(1)  轉告(1)  你轉(1)
0x0333,戒,3,戒備(2)  城戒(1)  面戒(1)  戒狀(1)  警戒(1)
0x0337,反,6,反正(2)  反常(2)  分反(1)  越反(1)  反抗(1)  們反(1)  造反(1)
0x0339,絕,5,絕招(2)  絕不(2)  用絕(1)  絕脫(1)  以絕(1)  性絕(1)  我絕(1)  極絕(1)
0x033b,良,3,善良(3)  良的(1)
0x033c,虛,2,虛而(1)  乘虛(1)  虛弱(1)  麼虛(1)
0x033d,弱,4,弱殘(1)  老弱(1)  弱有(1)  減弱(1)  弱的(1)  虛弱(1)  弱不(1)  強弱(1)
0x033e,支,4,支持(2)  的支(2)  支援(1)  力支(1)  支的(1)  不支(1)
0x033f,領,5,領導(2)  的領(2)  領的(1)  率領(1)  王領(1)  領我(1)  帶領(1)  領地(1)
0x0340,員,7,店員(3)  員體(2)  全員(2)  員都(1)  人員(1)  員這(1)  船員(1)
0x0341,徹,1,徹底(1)  很徹(1)
0x0342,失,6,消失(3)  失了(2)  失敗(2)  喪失(1)  失在(1)  失於(1)  劃失(1)
0x0343,敗,7,打敗(2)  失敗(2)  敗的(1)  擊敗(1)  敗後(1)  戰敗(1)  所敗(1)  敗過(1)
0x0344,增,14,增加(7)  增多(4)  漸增(3)  然增(2)  物增(2)  增強(2)  兵增(1)  力增(1)  於增(1)  激增(1)
0x0345,降,4,降服(2)  降臨(1)  神降(1)  降於(1)  歸降(1)  意降(1)
0x0347,暫,4,暫時(3)  已暫(1)  我暫(1)  在暫(1)  暫且(1)
0x0348,逛,9,逛逛(6)  處逛(4)  逛一(1)  一逛(1)  逛吧(1)  內逛(1)
0x0349,姊,8,姊姊(8)  亮姊(1)  位姊(1)  姊叫(1)  跟姊(1)  姊說(1)
0x034d,般,7,一般(6)  般的(3)  般人(1)  弟般(1)  般漁(1)  般弓(1)
0x034e,貴,4,貴重(2)  當貴(1)  麼貴(1)  貴賤(1)  分貴(1)  富貴(1)
0x034f,平,20,和平(5)  平日(3)  平凡(3)  你平(2)  平安(2)  平了(2)  平常(2)  公平(2)  長平(1)  平而(1)
0x0350,日,16,的日(4)  平日(3)  日子(3)  日好(2)  日漸(2)  一日(2)  日就(1)  日可(1)  指日(1)  日出(1)
0x0352,報,17,情報(5)  報答(4)  報告(4)  報仇(4)  報販(3)  王報(2)  好報(2)  我報(2)  麼報(1)  了報(1)
0x0354,危,14,危險(14)  很危(7)  越危(1)  太危(1)  更危(1)  有危(1)  然危(1)  近危(1)  常危(1)
0x0356,擔,9,擔心(7)  用擔(2)  我擔(2)  他擔(2)  好擔(1)  負擔(1)  擔壓(1)  重擔(1)
0x0357,放,12,放入(4)  放心(2)  放在(2)  放過(2)  就放(1)  鐲放(1)  易放(1)  別放(1)  放時(1)  開放(1)
0x0358,躲,2,躲迷(1)  玩躲(1)  躲在(1)  歡躲(1)
0x0359,藏,8,藏了(2)  藏好(1)  迷藏(1)  藏書(1)  的藏(1)  說藏(1)  藏有(1)  中藏(1)  宮藏(1)  藏著(1)
0x035a,訝,1,訝的(1)  驚訝(1)
0x035b,史,5,歷史(3)  神史(2)  史課(1)  史的(1)  史實(1)  史可(1)
0x035c,課,2,課本(1)  史課(1)  課重(1)  民課(1)
0x035d,哼,3,
0x035e,弟,16,弟弟(10)  小弟(5)  弟你(3)  兄弟(2)  的弟(2)  和弟(1)  弟去(1)  個弟(1)  弟葛(1)  弟般(1)
0x035f,耶,1,道耶(1)
0x0360,休,18,休息(18)  來休(2)  方休(1)  我休(1)  和休(1)  這休(1)  好休(1)  先休(1)  備休(1)
0x0363,館,3,旅館(3)  館來(1)  館的(1)
0x0364,哪,2,哪交(1)  到哪(1)  哪裡(1)  去哪(1)
0x0365,笑,5,笑了(2)  玩笑(2)  好笑(2)  說笑(1)  笑的(1)  笑喔(1)
0x0366,誇,2,的誇(2)  誇獎(1)  誇張(1)
0x0367,獎,2,誇獎(1)  獎金(1)  的獎(1)
0x0368,悶,2,悶悶(2)  在悶(1)  悶不(1)
0x0369,恢,5,恢復(5)  又恢(2)  力恢(2)  全恢(1)
0x036a,週,1,週到(1)  真週(1)
0x036b,歷,3,歷史(3)  的歷(3)
0x036c,祕,6,祕道(4)  個祕(3)  祕了(1)  神祕(1)  祕密(1)  走祕(1)  條祕(1)
0x036d,惜,9,可惜(8)  惜的(2)  惜了(2)  惜把(1)  不惜(1)  惜天(1)  惜呀(1)  惜沒(1)  惜他(1)
0x036e,整,16,整個(7)  重整(4)  整理(2)  整安(2)  完整(1)  毀整(1)  料整(1)  要整(1)  整王(1)  果整(1)
0x036f,懂,5,不懂(4)  懂嗎(1)  的懂(1)  懂為(1)  懂我(1)
0x0372,朋,3,朋友(3)  我朋(1)  找朋(1)
0x0373,友,4,朋友(3)  友在(1)  好友(1)
0x0375,店,13,器店(8)  店員(3)  店有(2)  店補(1)  商店(1)  店看(1)  店老(1)  店最(1)  本店(1)  店不(1)
0x0376,掃,3,打掃(2)  掃的(1)  掃就(1)  掃興(1)  是掃(1)
0x0377,忘,3,忘了(2)  會忘(2)  心忘(1)  忘記(1)
0x0378,算,15,算了(5)  打算(5)  算你(2)  總算(2)  那算(1)  鬼算(1)  就算(1)  算把(1)  算皇(1)  算給(1)
0x0379,鬼,13,小鬼(9)  炎鬼(3)  鬼和(1)  鬼不(1)  鬼算(1)  鬼別(1)  鬼現(1)  鬼的(1)  鬼是(1)  鬼刀(1)
0x037a,洩,2,洩露(2)  就洩(1)  會洩(1)
0x037b,露,3,洩露(2)  露軍(1)  露什(1)  露劍(1)  展露(1)
0x037c,躍,2,躍起(2)  活躍(2)
0x037d,挖,4,在挖(2)  挖的(1)  挖掘(1)  得挖(1)  挖疏(1)  挖了(1)  別挖(1)
0x037e,喪,8,喪生(5)  都喪(2)  沮喪(1)  也喪(1)  人喪(1)  中喪(1)  喪的(1)  垂喪(1)  喪失(1)  我喪(1)
0x037f,腦,4,煩腦(2)  腦起(1)  腦的(1)  腦遊(1)  電腦(1)  腦子(1)  滿腦(1)
0x0381,駐,1,駐軍(1)  的駐(1)
0x0382,範,1,範知(1)  防範(1)
0x0383,遵,3,遵命(2)  遵照(1)  會遵(1)
0x0384,學,7,學習(3)  要學(2)  學過(1)  是學(1)  這學(1)  學問(1)  有學(1)  則學(1)  學的(1)  理學(1)
0x0385,換,7,轉換(3)  換了(1)  村換(1)  換職(1)  交換(1)  換尿(1)  去換(1)  換做(1)  換成(1)  換的(1)
0x0386,主,11,主要(5)  主動(4)  會主(3)  主人(2)  家主(1)  師主(1)  實主(1)  始主(1)  有主(1)
0x0387,型,8,型的(3)  體型(2)  型也(1)  型逐(1)  擊型(1)  復型(1)  型由(1)  濕型(1)  型氣(1)  漠型(1)
0x0388,勁,1,對勁(1)
0x0389,向,15,向國(3)  方向(2)  向外(2)  向我(2)  一向(2)  以向(1)  向過(1)  城向(1)  都向(1)  敢向(1)
0x038a,件,11,件事(5)  這件(4)  一件(3)  是件(2)  件好(1)  件相(1)  件重(1)  件非(1)  那件(1)  條件(1)
0x038b,派,6,派人(3)  派你(1)  王派(1)  也派(1)  緊派(1)  刻派(1)  派庫(1)  推派(1)  派到(1)  被派(1)
0x038c,奉,4,奉馬(2)  奉侍(1)  我奉(1)  奉國(1)
0x038d,期,4,期會(1)  星期(1)  期間(1)  段期(1)  期旅(1)  定期(1)  期待(1)  也期(1)
0x038e,固,3,固定(1)  會固(1)  牢固(1)  固自(1)  鞏固(1)
0x038f,表,4,表現(2)  表達(1)  以表(1)  會表(1)  的表(1)  表艾(1)  代表(1)
0x0390,尊,2,尊敬(1)  的尊(1)  尊稱(1)  被尊(1)
0x0391,敬,1,尊敬(1)
0x0392,僅,1,僅武(1)  不僅(1)
0x0393,忠,8,效忠(4)  忠心(3)  很忠(3)  忠艾(2)  忠於(2)  忠誡(1)  的忠(1)
0x0395,願,7,願意(4)  你願(2)  願不(2)  不願(2)  願望(1)  現願(1)  們願(1)  我願(1)
0x0396,堂,3,堂內(2)  教堂(2)  堂有(1)  天堂(1)
0x0397,持,6,維持(3)  支持(2)  持應(1)  保持(1)  持蘭(1)  持奧(1)  持一(1)
0x0399,靜,2,安靜(2)
0x039a,負,11,負責(5)  負起(3)  需負(3)  是負(2)  們負(1)  負若(1)  不負(1)  欺負(1)  負擔(1)  的負(1)
0x039b,責,11,負責(5)  責任(3)  的責(2)  責維(1)  責了(1)  自責(1)  責備(1)  王責(1)  責輪(1)  個責(1)
0x039c,維,6,維持(3)  維護(1)  責維(1)  好維(1)  維生(1)  海維(1)  了維(1)  維得(1)  爾維(1)
0x039d,父,12,父親(5)  神父(3)  父王(3)  我父(2)  的父(1)  父和(1)  先父(1)  你父(1)  和父(1)
0x039e,沮,1,沮喪(1)  情沮(1)
0x039f,侃,5,爾侃(5)  侃國(4)  侃王(1)
0x03a1,兄,2,兄弟(2)  親兄(1)  位兄(1)
0x03a2,計,5,計劃(4)  的計(3)  計策(1)  量計(1)  車計(1)
0x03a3,劃,4,計劃(4)  劃才(1)  劃可(1)  劃是(1)  劃失(1)
0x03a4,尤,5,尤其(5)
0x03a5,兇,3,兇猛(2)  別兇(1)  很兇(1)  太兇(1)
0x03a6,若,5,若要(2)  若不(1)  是若(1)  這若(1)  若心(1)  負若(1)  若說(1)
0x03a7,蓋,6,蓋的(2)  蓋好(2)  於蓋(2)  蓋這(1)  始蓋(1)  臭蓋(1)  城蓋(1)  蓋造(1)  村蓋(1)
0x03a8,提,15,提供(7)  法提(2)  提的(2)  你提(2)  為提(1)  裡提(1)  可提(1)  提醒(1)  提示(1)  些提(1)
0x03a9,供,9,提供(7)  供你(3)  供住(2)  供應(2)  供石(1)  源供(1)  城供(1)  供外(1)
0x03aa,掘,1,掘石(1)  挖掘(1)
0x03ab,響,3,影響(3)  響到(1)
0x03ac,壯,2,壯男(1)  少壯(1)  壯的(1)  高壯(1)
0x03ad,須,16,必須(16)  須靠(3)  須要(2)  須在(1)  須進(1)  須通(1)  須回(1)  須繞(1)  須乘(1)  須先(1)
0x03ae,宿,13,住宿(12)  宿一(4)  宿嗎(2)  宿和(1)  宿屋(1)  本宿(1)
0x03b0,檯,1,檯購(1)  櫃檯(1)
0x03b1,購,6,購買(3)  收購(3)  法購(2)  購奇(2)  檯購(1)
0x03b3,千,2,千萬(1)  千斤(1)  有千(1)
0x03b4,萬,5,萬元(2)  一萬(2)  萬不(1)  千萬(1)  萬惡(1)  滅萬(1)  萬隻(1)  數萬(1)
0x03b6,冒,6,冒險(5)  道冒(1)  是冒(1)  的冒(1)  起冒(1)  得冒(1)  冒昧(1)  很冒(1)
0x03b7,盡,11,盡的(3)  盡有(2)  有盡(2)  止盡(2)  盡力(2)  無盡(1)  賤盡(1)  盡了(1)  自盡(1)  盡可(1)
0x03b8,床,7,的床(5)  床可(3)  在床(2)  床上(1)  床旁(1)  床墊(1)  床單(1)
0x03b9,適,5,適合(3)  適的(2)  舒適(2)  部適(1)  很適(1)  不適(1)
0x03ba,夜,16,一夜(13)  夜只(3)  夜竹(3)  夜1(2)  夜九(1)  夜三(1)  夜四(1)  用夜(1)  這夜(1)  於夜(1)
0x03bb,元,20,0元(10)  十元(4)  萬元(2)  元賣(1)  元才(1)  五元(1)  百元(1)  元的(1)  次元(1)  元高(1)
0x03bc,抱,11,抱歉(10)  很抱(3)  抱怨(1)  好抱(1)
0x03bd,歉,10,抱歉(10)  歉我(1)  歉了(1)
0x03be,夠,10,不夠(9)  夠的(2)  夠了(1)  就夠(1)
0x03bf,品,8,物品(6)  品不(1)  品丟(1)  品的(1)  品都(1)  用品(1)  成品(1)
0x03c0,丟,3,丟棄(2)  品丟(1)  可丟(1)  丟石(1)  們丟(1)
0x03c1,棄,3,丟棄(2)  棄重(1)  放棄(1)
0x03c2,袋,1,袋已(1)  具袋(1)
0x03c3,塵,4,塵歸(1)  歸塵(1)  灰塵(1)  塵土(1)
0x03c4,土,7,土歸(1)  歸土(1)  土兵(1)  土質(1)  方土(1)  土飛(1)  塵土(1)  土見(1)  們土(1)  土及(1)
0x03c5,讓,20,讓我(9)  請讓(3)  會讓(3)  讓你(3)  別讓(2)  不讓(2)  讓他(1)  讓一(1)  你讓(1)  讓開(1)
0x03c6,埋,2,埋起(1)  他埋(1)  活埋(1)
0x03c9,拯,2,拯救(2)  來拯(1)  要拯(1)
0x03ca,油,4,加油(4)  油吧(2)  油了(2)
0x03cb,祝,4,祝福(2)  們祝(2)  祝你(2)  就祝(1)
0x03cc,福,4,祝福(2)  福的(2)  幸福(1)  豔福(1)
0x03cd,妥,3,備妥(2)  妥了(1)  辦妥(1)
0x03ce,較,12,比較(8)  較好(3)  較大(2)  力較(1)  出較(1)  較小(1)  較寒(1)  較安(1)  較高(1)  顆較(1)
0x03cf,島,5,海島(2)  島上(1)  奧島(1)  島呀(1)  的島(1)  島外(1)  個島(1)
0x03d0,熱,6,熱鬧(1)  最熱(1)  炎熱(1)  熱氣(1)  的熱(1)  熱的(1)  高熱(1)  熱心(1)  很熱(1)  好熱(1)
0x03d1,鬧,1,鬧了(1)  熱鬧(1)
0x03d2,狹,3,狹谷(2)  條狹(1)  過狹(1)  狹窄(1)  胸狹(1)
0x03d3,谷,7,峽谷(4)  谷山(3)  狹谷(2)  谷已(2)  谷出(1)  谷通(1)  山谷(1)
0x03d4,偉,4,偉的(2)  偉大(2)  雄偉(1)  最偉(1)  宏偉(1)
0x03d5,築,4,建築(4)  築物(1)  築村(1)
0x03d6,思,8,意思(5)  思議(2)  可思(2)  思想(1)  將思(1)  思的(1)  思了(1)
0x03d7,議,6,建議(4)  思議(2)  議了(1)  議你(1)  議的(1)  議國(1)
0x03d8,洶,1,洶湧(1)  浪洶(1)
0x03d9,湧,1,洶湧(1)
0x03da,除,15,除了(7)  除非(3)  除此(2)  除封(2)  解除(2)  奧除(1)  剷除(1)  特除(1)
0x03db,伯,17,伯特(15)  在伯(6)  是伯(2)  到伯(2)  伯伯(2)  道伯(1)  去伯(1)  我伯(1)  開伯(1)  長伯(1)
0x03dc,鎮,4,下鎮(3)  鎮的(2)  鎮一(1)  鎮守(1)  初鎮(1)
0x03dd,憐,7,可憐(7)  憐可(2)  憐我(2)  憐的(2)  憐呀(1)
0x03de,消,19,消滅(10)  消息(5)  們消(4)  消失(3)  好消(2)  的消(2)  經消(2)  物消(1)  去消(1)  早消(1)
0x03df,卻,16,是卻(3)  卻因(3)  近卻(2)  但卻(2)  卻無(1)  們卻(1)  卻犧(1)  在卻(1)  卻十(1)  卻有(1)
0x03e0,仇,4,報仇(4)  仇才(1)  仇的(1)  仇了(1)
0x03e2,呼,7,呼～(3)  ～呼(2)  呼呼(2)  呼風(1)  可呼(1)  呼我(1)  稱呼(1)  風呼(1)  呼吹(1)
0x03e3,喚,4,喚雨(1)  風喚(1)  喚醒(1)  鍊喚(1)  喚起(1)  魂喚(1)  召喚(1)
0x03e4,集,3,集中(1)  的集(1)  集聖(1)  收集(1)  集合(1)  便集(1)
0x03e5,目,11,的目(5)  目的(4)  目牙(4)  頭目(4)  目地(1)  目前(1)  到目(1)  為目(1)  目標(1)
0x03e6,專,4,專門(4)  師專(1)  個專(1)  我專(1)
0x03e7,門,19,專門(4)  守門(4)  大門(4)  門的(3)  門收(2)  邪門(2)  出門(2)  門研(1)  門卻(1)  無門(1)
0x03e8,群,6,一群(4)  群為(1)  群需(1)  群中(1)  物群(1)  群笨(1)  群玩(1)  群之(1)  樹群(1)
0x03e9,努,1,努力(1)  而努(1)
0x03ea,掉,7,拾掉(3)  掉的(2)  得掉(1)  殺掉(1)  滅掉(1)  掉了(1)  吃掉(1)  掉吧(1)
0x03eb,揮,1,揮著(1)  卡揮(1)
0x03ec,梭,1,梭於(1)  穿梭(1)
0x03ed,炸,1,爆炸(1)
0x03ee,愧,2,愧是(1)  不愧(1)  慚愧(1)
0x03ef,販,3,販子(3)  報販(3)
0x03f0,0,20,00(20)  0元(10)  50(5)  20(2)  10(1)  30(1)  ９0(1)
0x03f1,秘,5,秘的(3)  神秘(3)  秘密(1)  個秘(1)  秘道(1)  條秘(1)
0x03f2,1,6,15(2)  夜1(2)  1８(2)  10(1)  加1(1)  齡1(1)  1９(1)  的1(1)
0x03f3,擋,2,擋路(1)  別擋(1)  擋我(1)  阻擋(1)
0x03f5,帥,2,好帥(2)  帥哦(1)  帥喔(1)
0x03f6,早,14,早上(3)  早在(2)  實早(2)  早點(2)  我早(2)  他早(1)  早消(1)  儘早(1)  早發(1)  及早(1)
0x03f7,誰,10,是誰(7)  誰呢(3)  誰呀(1)  有誰(1)  誰才(1)  道誰(1)  誰說(1)
0x03f8,倍,2,倍了(1)  功倍(1)  倍威(1)  數倍(1)
0x03f9,慣,4,習慣(4)  慣自(1)  慣很(1)  慣住(1)  慣了(1)
0x03fa,己,13,自己(12)  己的(3)  己一(2)  己力(1)  己送(1)  己去(1)  己照(1)  守己(1)
0x03fb,或,7,或許(6)  或武(1)  具或(1)
0x03fc,峽,4,峽谷(4)  為峽(1)  過峽(1)
0x03fd,米,3,米倉(2)  的米(2)  米也(1)
0x03fe,倉,2,米倉(2)  倉的(1)
0x03ff,閉,3,封閉(2)  關閉(1)
0x0400,省,1,省一(1)  要省(1)
0x0401,聯,6,聯合(2)  的聯(2)  聯絡(1)  常聯(1)  聯接(1)  座聯(1)  人聯(1)  聯繫(1)  聯軍(1)  札聯(1)
0x0402,臭,1,臭蓋(1)  會臭(1)
0x0403,勞,2,功勞(1)  勞地(1)  辛勞(1)
0x0404,遞,1,遞訊(1)  傳遞(1)
0x0405,訊,2,訊息(2)  遞訊(1)  的訊(1)
0x0406,改,5,改善(3)  能改(2)  改變(2)  有改(1)
0x0407,惡,12,可惡(6)  惡了(3)  惡的(3)  邪惡(2)  惡魔(2)  惡之(1)  萬惡(1)  惡不(1)  十惡(1)  的惡(1)
0x0408,記,7,記得(2)  戰記(1)  還記(1)  記憶(1)  了記(1)  忘記(1)  日記(1)  記述(1)  面記(1)
0x0409,補,3,補充(2)  店補(1)  無補(1)  全補(1)
0x040a,務,9,任務(7)  務是(3)  務的(1)  務還(1)  務多(1)  勤務(1)  務就(1)  務正(1)  不務(1)
0x040b,切,11,一切(11)  切小(4)  切順(2)  切都(2)  切可(1)  切的(1)  切就(1)
0x040c,蠻,6,還蠻(3)  蠻強(1)  蠻了(1)  像蠻(1)  蠻管(1)  蠻霸(1)  野蠻(1)  蠻橫(1)  個蠻(1)  蠻熟(1)
0x040d,根,6,根本(5)  物根(1)  爭根(1)  邊根(1)  實根(1)  根處(1)  樹根(1)  面根(1)
0x040e,妹,4,妹妹(4)  小妹(1)  妹也(1)  的妹(1)
0x040f,厲,12,厲害(12)  很厲(2)  多厲(2)  最厲(2)  更厲(1)  的厲(1)  樣厲(1)  還厲(1)  太厲(1)
0x0410,嫁,3,嫁不(1)  後嫁(1)  要嫁(1)  嫁給(1)  會嫁(1)
0x0412,佈,1,佈告(1)  出佈(1)
0x0413,醒,3,醒村(1)  提醒(1)  醒它(1)  喚醒(1)  醒來(1)
0x0414,辛,5,辛苦(4)  事辛(1)  很辛(1)  真辛(1)  辛勞(1)  辭辛(1)  麼辛(1)
0x0415,苦,5,辛苦(4)  苦你(2)  苦吧(1)  貧苦(1)  苦的(1)
0x0416,楚,6,清楚(6)  楚了(2)  楚使(1)  楚現(1)
0x0417,產,7,產生(6)  的產(2)  亞產(1)  以產(1)  念產(1)  產在(1)  出產(1)  能產(1)
0x0418,崩,2,崩毀(1)  而崩(1)  崩塌(1)  會崩(1)
0x0419,拾,5,收拾(5)  拾掉(3)  拾那(1)  拾了(1)
0x041a,您,15,您要(2)  您兒(2)  療您(2)  您的(2)  謝您(2)  您是(1)  知您(1)  您幾(1)  教您(1)  您好(1)
0x041b,病,10,的病(4)  病吧(2)  毛病(2)  百病(1)  病又(1)  麼病(1)  病的(1)  生病(1)  病就(1)  天病(1)
0x041c,琥,2,琥珀(2)  是琥(2)
0x041d,珀,2,珀寶(2)  琥珀(2)
0x041e,價,6,價錢(3)  好價(2)  的價(1)  價是(1)  物價(1)  出價(1)  價向(1)  高價(1)
0x041f,費,7,費應(2)  旅費(2)  路費(2)  白費(1)  費不(1)  花費(1)  費唇(1)  浪費(1)
0x0420,溫,4,很溫(2)  溫和(2)  溫馴(1)  溫柔(1)  種溫(1)  太溫(1)
0x0421,馴,1,馴的(1)  溫馴(1)
0x0423,企,2,企圖(2)  爭企(1)  他企(1)
0x0424,圖,2,企圖(2)  圖征(1)
0x0425,征,1,征服(1)  圖征(1)
0x0426,禍,3,禍首(2)  的禍(2)  個禍(1)  禍源(1)
0x0427,殘,4,殘暴(2)  心殘(1)  殘兵(1)  弱殘(1)  殘酷(1)  種殘(1)  些殘(1)
0x0428,暴,3,暴的(2)  殘暴(2)  暴民(1)  的暴(1)
0x0429,融,4,融化(2)  融洽(1)  分融(1)  雪融(1)  氣融(1)  融一(1)  通融(1)
0x042a,洽,1,融洽(1)
0x042b,堤,1,堤防(1)  的堤(1)
0x042c,漁,5,漁船(2)  漁港(1)  個漁(1)  漁民(1)  多漁(1)  打漁(1)  般漁(1)  的漁(1)
0x042d,港,15,林港(5)  大港(2)  港往(2)  路港(2)  漁港(1)  港了(1)  港工(1)  港量(1)  入港(1)  港喔(1)
0x042e,魚,3,捕魚(2)  魚穫(1)  魚為(1)  魚了(1)
0x042f,穫,7,穫得(6)  穫量(1)  魚穫(1)
0x0430,差,6,差了(2)  越差(1)  差異(1)  的差(1)  人差(1)  差輪(1)  就差(1)  差太(1)  是差(1)  麼差(1)
0x0431,移,2,移動(1)  外移(1)  移到(1)  石移(1)
0x0432,某,4,某種(4)  著某(1)  為某(1)  了某(1)  尋某(1)
0x0433,據,8,據說(4)  據我(2)  齒據(1)  據點(1)  為據(1)  據城(1)  自據(1)
0x0434,九,4,九年(2)  十九(2)  九十(1)  夜九(1)  九個(1)  八九(1)
0x0435,錫,20,錫尼(20)  美錫(16)  鎂錫(4)
0x0437,夥,1,夥子(1)  小夥(1)
0x0438,簡,5,簡單(3)  不簡(2)  簡直(2)  來簡(1)
0x0439,凡,5,凡的(3)  平凡(3)  凡就(1)  不凡(1)  凡事(1)
0x043a,儲,1,儲關(1)  王儲(1)
0x043b,慚,1,慚愧(1)  真慚(1)
0x043c,嗅,2,嗅到(2)  經嗅(1)  我嗅(1)
0x043d,番,4,番話(2)  這番(2)  番兩(1)  三番(1)  番新(1)  一番(1)
0x043e,依,2,依照(1)  依他(1)  但依(1)
0x043f,推,3,推了(1)  別推(1)  推派(1)  合推(1)  推動(1)  是推(1)
0x0440,測,1,測怪(1)  猜測(1)
0x0441,白,4,白了(2)  明白(2)  白費(1)  牲白(1)  白跑(1)
0x0442,淚,4,淚項(4)  沙淚(3)  條淚(1)
0x0443,紅,2,紅色(2)  穿紅(1)
0x0445,黃,1,黃土(1)  的黃(1)
0x0448,鑰,15,鑰匙(14)  城鑰(4)  卡鑰(2)  連鑰(2)  把鑰(2)  斯鑰(1)  有鑰(1)  的鑰(1)  爾鑰(1)  之鑰(1)
0x0449,匙,14,鑰匙(14)  匙不(1)  匙是(1)  匙要(1)
0x044a,燈,3,之燈(3)  燈就(1)
0x044b,壓,8,壓力(4)  欺壓(3)  叫壓(1)  把壓(1)  壓他(1)  壓我(1)  源壓(1)  的壓(1)  壓在(1)  擔壓(1)
0x044c,桶,6,力桶(4)  桶的(2)  飯桶(1)  桶拿(1)  桶一(1)  桶是(1)  源桶(1)
0x044d,漠,10,沙漠(10)  漠之(4)  漠地(3)  漠型(1)  漠上(1)
0x044e,翼,5,之翼(4)  翼才(1)  翼是(1)  翼的(1)  翼鷹(1)  叫翼(1)  翼了(1)
0x044f,機,14,機械(6)  機會(4)  有機(4)  機關(3)  是機(2)  的機(2)  沒機(1)  種機(1)  買機(1)  機不(1)
0x0450,械,6,械巨(6)  機械(6)
0x0451,徽,2,徽章(2)  到徽(1)  及徽(1)
0x0452,章,2,徽章(2)  章之(1)  章頭(1)
0x0455,鐲,1,鐲放(1)  手鐲(1)
0x0456,霧,1,霧之(1)  風霧(1)
0x0457,笛,2,笛子(1)  吹笛(1)  笛就(1)  之笛(1)
0x0459,輪,2,輪流(1)  責輪(1)  輪軸(1)  差輪(1)
0x045a,珠,1,珠寶(1)  是珠(1)
0x045c,架,2,架子(1)  的架(1)  架設(1)  上架(1)
0x045f,3,2,30(1)  出3(1)  35(1)  夜3(1)
0x0460,4,1,45(1)  夜4(1)
0x0464,崎,1,崎嶇(1)  當崎(1)
0x0465,嶇,1,崎嶇(1)
0x0466,脈,8,山脈(8)  脈中(5)  脈以(1)  脈的(1)
0x0467,闢,1,闢了(1)  近闢(1)
0x0468,竹,3,竹草(3)  夜竹(3)
0x0469,仁,1,仁慈(1)  當仁(1)
0x046a,慈,1,慈的(1)  仁慈(1)
0x046b,蓮,3,達蓮(3)  蓮城(2)
0x046c,占,20,占卜(20)  找占(4)  的占(3)  看占(1)  們占(1)  像占(1)  經占(1)  教占(1)  許占(1)  是占(1)
0x046d,卜,20,占卜(20)  卜師(18)  卜過(1)
0x046e,花,3,花草(1)  出花(1)  花了(1)  它花(1)  花費(1)  要花(1)
0x046f,承,7,承者(4)  繼承(4)  承受(2)  會承(1)  承認(1)  不承(1)  法承(1)
0x0470,區,5,山區(4)  區是(1)  區了(1)  區的(1)  區更(1)  地區(1)
0x0472,慘,3,慘不(1)  是慘(1)  最慘(1)  慘的(1)  淒慘(1)
0x0473,忍,2,忍睹(1)  不忍(1)  忍氣(1)  得忍(1)
0x0474,睹,1,忍睹(1)
0x0475,跡,3,跡了(2)  蹤跡(2)  跡看(1)  痕跡(1)
0x0476,飯,3,飯桶(1)  些飯(1)  飯了(1)  吃飯(1)  煮飯(1)
0x0477,途,1,途的(1)  用途(1)
0x0478,故,4,故事(2)  段故(1)  險故(1)  故才(1)  緣故(1)  故是(1)  事故(1)
0x0479,憶,1,憶及(1)  記憶(1)
0x047a,創,3,創造(3)  能創(2)  對創(1)
0x047b,質,4,物質(2)  質的(1)  絲質(1)  質就(1)  質化(1)  質好(1)  土質(1)
0x047c,化,6,化為(2)  融化(2)  化邪(1)  淨化(1)  轉化(1)  質化(1)  竟化(1)  化流(1)  化雪(1)
0x047d,控,2,控制(2)  法控(1)  的控(1)
0x047e,逐,2,逐漸(2)  型逐(1)  也逐(1)
0x047f,漸,4,漸增(3)  逐漸(2)  日漸(2)  漸變(1)
0x0480,圍,2,包圍(1)  圍繞(1)  山圍(1)
0x0482,誡,1,誡才(1)  忠誡(1)
0x0483,敢,5,不敢(4)  敢出(3)  敢向(1)  也敢(1)  敢去(1)
0x0486,農,2,農村(1)  小農(1)  農夫(1)  做農(1)
0x0487,河,1,靠河(1)
0x0488,捕,2,捕魚(2)  以捕(1)  湖捕(1)
0x048a,祖,2,的祖(2)  祖先(1)  祖國(1)
0x048b,批,1,批寶(1)  大批(1)
0x048c,未,2,未帶(1)  都未(1)  未來(1)  知未(1)
0x048d,永,4,永遠(3)  將永(2)  永無(1)  過永(1)  我永(1)
0x048e,恐,2,恐怖(1)  分恐(1)  恐懼(1)  及恐(1)
0x048f,怖,1,怖的(1)  恐怖(1)
0x0490,稱,11,稱為(3)  都稱(2)  稱它(2)  稱王(2)  們稱(2)  尊稱(1)  稱心(1)  你稱(1)  自稱(1)  稱呼(1)
0x0491,沼,3,沼澤(3)  原沼(3)
0x0492,澤,3,沼澤(3)  澤來(1)  澤救(1)
0x0493,扮,3,扮像(2)  裝扮(2)  扮應(1)  打扮(1)
0x0494,科,8,科林(5)  科技(2)  到科(2)  科希(1)  新科(1)  於科(1)
0x0495,執,3,執行(1)  在執(1)  執勤(1)  爭執(1)
0x0496,覆,1,覆著(1)  重覆(1)
0x0497,符,2,符合(2)  不符(1)  能符(1)
0x0498,性,9,個性(4)  犧性(2)  女性(2)  性就(1)  性的(1)  性了(1)  性絕(1)  性命(1)  的性(1)  性也(1)
0x0499,職,3,職業(3)  換職(1)  的職(1)  當職(1)
0x049a,業,4,職業(3)  業做(1)  業工(1)  正業(1)
0x049b,嘛,3,個嘛(1)  人嘛(1)  的嘛(1)
0x049c,爺,3,大爺(3)  爺可(1)
0x049d,吃,3,吃飯(1)  沒吃(1)  吃虧(1)  不吃(1)  吃掉(1)  獸吃(1)
0x049e,賞,1,賞我(1)  請賞(1)
0x049f,紀,1,紀輕(1)  年紀(1)
0x04a0,毛,4,毛病(2)  羽毛(2)  麼毛(1)  老毛(1)  毛編(1)
0x04a1,份,11,部份(6)  份的(2)  份隆(1)  月份(1)  份正(1)  找份(1)  份力(1)  一份(1)  份是(1)  份都(1)
0x04a2,乞,1,乞丐(1)
0x04a3,丐,1,丐就(1)  乞丐(1)
0x04a4,藹,1,和藹(1)
0x04a5,顧,3,顧到(1)  會顧(1)  顧自(1)  照顧(1)  惠顧(1)
0x04a6,悲,2,悲劇(1)  的悲(1)  悲傷(1)  最悲(1)
0x04a7,劇,1,劇中(1)  悲劇(1)
0x04a8,段,4,一段(2)  這段(2)  段時(1)  段路(1)  段故(1)  段期(1)
0x04a9,船,19,行船(4)  船的(3)  艘船(2)  漁船(2)  戰船(2)  船入(1)  從船(1)  船來(1)  船要(1)  有船(1)
0x04aa,繞,3,繞了(1)  中繞(1)  繞遠(1)  須繞(1)  繞著(1)  圍繞(1)
0x04ab,圈,2,圈以(1)  一圈(1)  圈套(1)  的圈(1)
0x04ac,八,2,八成(1)  看八(1)  八九(1)  載八(1)
0x04ad,楣,1,楣了(1)  倒楣(1)
0x04ae,犯,6,犯了(2)  犯人(2)  牢犯(2)  又犯(1)  麼犯(1)  的犯(1)  觸犯(1)
0x04af,屋,1,屋的(1)  宿屋(1)
0x04b0,伍,1,伍人(1)  一伍(1)
0x04b1,返,1,而返(1)
0x04b2,煮,3,煮成(2)  草煮(2)  煮飯(1)  人煮(1)
0x04b3,貼,1,貼女(1)  體貼(1)
0x04b4,公,3,公平(2)  不公(2)  公可(1)  老公(1)
0x04b5,虧,3,吃虧(1)  虧你(1)  話虧(1)  虧了(1)  多虧(1)
0x04b6,遠,7,永遠(3)  遠的(2)  遠效(2)  麼遠(1)  遠也(1)  遠路(1)  繞遠(1)  好遠(1)  很遠(1)
0x04b7,憑,1,憑這(1)  就憑(1)
0x04b8,喝,5,喝酒(3)  喝奶(1)  去喝(1)  來喝(1)  喝下(1)  孩喝(1)
0x04b9,奶,1,奶吧(1)  喝奶(1)
0x04ba,喂,1,
0x04bb,囂,2,囂張(2)  麼囂(1)  愈囂(1)
0x04bc,張,4,囂張(2)  張了(1)  誇張(1)  慌張(1)
0x04bd,挑,1,挑戰(1)  我挑(1)
0x04be,阻,4,阻擋(1)  要阻(1)  阻止(1)  在阻(1)  阻隔(1)  生阻(1)  阻必(1)  受阻(1)
0x04bf,替,6,替你(2)  替他(2)  替村(1)  它替(1)  蘭替(1)  代替(1)  替我(1)  會替(1)  於替(1)  真替(1)
0x04c0,求,2,求情(1)  你求(1)  求榮(1)  不求(1)
0x04c1,勉,1,勉強(1)  隊勉(1)
0x04c2,撐,1,撐得(1)  還撐(1)
0x04c3,減,5,減少(4)  備減(1)  減弱(1)  量減(1)  對減(1)  就減(1)  不減(1)
0x04c4,策,1,計策(1)
0x04c5,即,10,立即(3)  即刻(2)  即然(2)  們即(1)  即將(1)  隨即(1)  即會(1)  便即(1)  即和(1)  即可(1)
0x04c6,搞,4,搞不(2)  搞定(1)  就搞(1)  真搞(1)  搞什(1)  在搞(1)  都搞(1)
0x04c7,睡,1,睡覺(1)  家睡(1)
0x04c8,傭,4,傭人(4)
0x04c9,擺,2,擺出(1)  而擺(1)  擺在(1)  實擺(1)
0x04ca,傲,3,傲的(1)  高傲(1)  驕傲(1)  為傲(1)
0x04cb,訪,3,訪者(1)  來訪(1)  訪他(1)  暗訪(1)  訪一(1)  拜訪(1)
0x04cc,困,4,困難(3)  有困(1)  就困(1)  困擾(1)  的困(1)  麼困(1)
0x04cd,律,1,律不(1)  一律(1)
0x04ce,賤,1,賤盡(1)  貴賤(1)
0x04cf,預,5,預感(3)  的預(3)  預知(1)  以預(1)  預極(1)  正預(1)
0x04d0,俊,1,俊的(1)  英俊(1)
0x04d1,齊,2,齊了(2)  到齊(2)
0x04d2,共,2,共有(2)  上共(1)  一共(1)
0x04d3,芒,6,芒星(4)  五芒(4)  光芒(2)  芒突(1)  芒已(1)
0x04d4,暗,2,暗淡(1)  然暗(1)  暗訪(1)  在暗(1)
0x04d5,淡,1,淡下(1)  暗淡(1)
0x04d6,趨,1,趨於(1)  卻趨(1)
0x04d7,抑,1,抑制(1)  有抑(1)
0x04d8,確,4,的確(3)  確是(2)  確定(1)  不確(1)  確有(1)
0x04d9,籍,1,籍中(1)  書籍(1)
0x04da,資,4,資料(1)  的資(1)  資少(1)  工資(1)  資不(1)  物資(1)  資源(1)  氣資(1)
0x04db,料,9,材料(7)  料整(1)  資料(1)  料到(1)  沒料(1)  料十(1)  料取(1)  料有(1)  料的(1)
0x04dc,宇,1,宇中(1)  氣宇(1)
0x04dd,曉,2,不曉(2)  曉的(1)  曉得(1)
0x04de,閒,2,閒聊(1)  長閒(1)  閒事(1)  管閒(1)
0x04df,漏,1,漏了(1)  說漏(1)
0x04e0,嘴,1,了嘴(1)
0x04e1,堅,1,堅決(1)  就堅(1)
0x04e2,論,3,談論(2)  論了(1)  討論(1)  論什(1)
0x04e3,援,1,援你(1)  支援(1)
0x04e4,柔,2,溫柔(1)  柔軟(1)
0x04e5,茲,9,弗茲(8)  茲國(5)  茲村(1)  德茲(1)  茲視(1)
0x04e6,脾,1,脾氣(1)  的脾(1)
0x04e7,搭,4,搭建(1)  搭船(1)  要搭(1)  搭乘(1)  是搭(1)  搭好(1)  沒搭(1)
0x04e8,率,2,王率(2)  率兵(1)  率領(1)
0x04e9,束,4,結束(3)  束了(2)  束以(1)  束縛(1)  力束(1)
0x04ea,蹤,2,蹤跡(2)  的蹤(2)
0x04eb,優,2,優秀(1)  最優(1)  優點(1)  個優(1)
0x04ec,秀,1,秀的(1)  優秀(1)
0x04ed,飲,4,的飲(3)  飲水(3)  飲食(1)  送飲(1)
0x04ee,食,1,食都(1)  飲食(1)
0x04ef,包,5,包括(3)  得包(2)  包辦(1)  我包(1)  人包(1)  包圍(1)  物包(1)
0x04f0,勢,2,勢混(1)  情勢(1)  勢力(1)  的勢(1)
0x04f1,牢,5,牢房(2)  牢犯(2)  以牢(1)  是牢(1)  牢固(1)  還牢(1)
0x04f2,堡,10,城堡(10)  堡內(3)  堡左(1)  堡右(1)  堡很(1)  堡西(1)  堡吧(1)  堡中(1)
0x04f3,詳,2,詳細(1)  詳和(1)  不詳(1)
0x04f4,細,3,仔細(2)  細內(1)  詳細(1)  細看(1)  細參(1)
0x04f5,酒,3,喝酒(3)
0x04f6,寢,1,寢室(1)  的寢(1)
0x04f7,側,2,左側(1)  右側(1)
0x04f8,尿,1,尿布(1)  換尿(1)
0x04f9,禮,1,無禮(1)
0x04fa,廢,1,廢物(1)  些廢(1)
0x04fb,眾,2,眾不(2)  與眾(2)
0x04fc,猜,2,猜測(1)  我猜(1)  猜錯(1)  沒猜(1)
0x04fd,趁,1,趁怪(1)  應趁(1)
0x04fe,儘,3,儘早(1)  時儘(1)  儘快(1)  長儘(1)  儘管(1)  請儘(1)
0x04ff,亦,1,亦受(1)  殿亦(1)
0x0500,耗,1,耗太(1)  消耗(1)
0x0501,初,4,當初(4)  初我(2)  初的(1)  初鎮(1)
0x0502,傢,6,傢伙(6)  那傢(3)  的傢(1)  些傢(1)  這傢(1)
0x0503,伙,6,傢伙(6)  伙不(1)  伙戰(1)  伙打(1)  伙終(1)  伙成(1)
0x0504,臉,1,臉垂(1)  一臉(1)
0x0505,垂,1,垂喪(1)  臉垂(1)
0x0506,墓,1,墓碑(1)  個墓(1)
0x0507,碑,1,墓碑(1)
0x0508,屍,2,屍體(2)  的屍(1)  到屍(1)
0x0509,葬,1,葬他(1)  安葬(1)
0x050a,燃,2,燃燒(2)  法燃(1)  始燃(1)
0x050b,燒,3,燃燒(2)  燒了(1)  高燒(1)
0x050c,諒,3,原諒(2)  諒解(1)  就諒(1)  諒的(1)  諒你(1)
0x050d,示,2,提示(1)  示出(1)  顯示(1)
0x050e,尋,2,尋找(1)  們尋(1)  尋某(1)  找尋(1)
0x050f,懶,1,懶得(1)  在懶(1)
0x0510,晃,1,處晃(1)
0x0511,嫌,1,嫌你(1)  還嫌(1)
0x0512,礙,2,礙手(1)  你礙(1)  礙腳(1)  手礙(1)
0x0513,腳,4,腳印(2)  的腳(2)  腳的(1)  礙腳(1)  歇腳(1)
0x0514,吵,6,吵我(5)  別吵(4)  要吵(2)  吵了(1)
0x0515,聞,1,聞說(1)  傳聞(1)
0x0516,六,2,六月(1)  六歲(1)  才六(1)
0x0517,歲,5,８歲(2)  六歲(1)  幾歲(1)  歲而(1)  ９歲(1)
0x0518,華,2,華麗(1)  華富(1)  榮華(1)
0x0519,富,1,富貴(1)  華富(1)
0x051a,巧,2,技巧(1)  巧這(1)  正巧(1)
0x051b,吹,9,吹出(3)  吹笛(1)  及吹(1)  年吹(1)  吹離(1)  被吹(1)  中吹(1)  吹越(1)  越吹(1)  外吹(1)
0x051c,酷,2,酷的(1)  殘酷(1)  酷樣(1)  的酷(1)
0x051d,緣,2,緣故(1)  的緣(1)  之緣(1)
0x051e,饒,1,饒恕(1)  能饒(1)
0x051f,恕,1,恕那(1)  饒恕(1)
0x0520,珍,2,珍異(2)  奇珍(2)
0x0521,探,6,探險(4)  去探(2)  道探(1)  地探(1)  探聽(1)  陸探(1)  探查(1)  那探(1)
0x0522,騙,1,騙人(1)  是騙(1)
0x0523,班,2,班次(2)  的班(2)
0x0524,愈,10,愈來(5)  來愈(5)  次愈(1)  愈少(1)  意愈(1)  愈不(1)  有愈(1)  愈多(1)  作愈(1)  愈沒(1)
0x0525,唯,6,唯一(6)  亞唯(1)  是唯(1)  的唯(1)
0x0526,艦,1,艦都(1)  軍艦(1)
0x0527,停,4,停止(2)  停泊(1)  都停(1)  停駛(1)  全停(1)  快停(1)  而停(1)
0x0528,泊,1,泊在(1)  停泊(1)
0x0529,坐,5,坐坐(2)  想坐(1)  坐看(1)  坐破(1)  乘坐(1)  坐船(1)  須坐(1)  坐起(1)  車坐(1)
0x052a,駛,3,駛就(1)  行駛(1)  駛往(1)  要駛(1)  駛了(1)  停駛(1)
0x052b,筆,2,筆錢(1)  一筆(1)  筆信(1)  親筆(1)
0x052c,象,4,現象(1)  氣象(1)  象徵(1)  上象(1)  景象(1)
0x052d,艘,3,艘船(2)  這艘(2)  艘要(1)  一艘(1)
0x052e,幹,3,幹了(1)  想幹(1)  幹做(1)  枝幹(1)  幹什(1)  在幹(1)
0x052f,障,1,保障(1)
0x0530,討,2,討海(1)  討論(1)  來討(1)
0x0531,軟,1,軟的(1)  柔軟(1)
0x0532,墊,1,床墊(1)
0x0533,眠,1,一眠(1)
0x0534,宜,2,宜的(1)  便宜(1)  宜遲(1)  不宜(1)
0x0535,陌,1,陌生(1)  和陌(1)
0x0536,警,1,警戒(1)  入警(1)
0x0537,掌,2,掌聲(1)  氣掌(1)  掌管(1)  人掌(1)
0x0538,鼓,2,鼓勵(2)  聲鼓(1)  了鼓(1)
0x0539,勵,2,鼓勵(2)  勵士(1)
0x053a,闖,2,闖進(1)  卻闖(1)  闖山(1)  強闖(1)
0x053b,怨,1,怨的(1)  抱怨(1)
0x053c,併,1,併把(1)  一併(1)
0x053d,捉,2,捉住(1)  捉走(1)  被捉(1)
0x0540,標,1,標一(1)  目標(1)
0x0541,獵,2,打獵(2)  獵為(1)  獵了(1)
0x0542,謀,1,謀生(1)  去謀(1)
0x0545,觀,1,觀這(1)  參觀(1)
0x0546,麗,2,麗的(2)  華麗(1)  美麗(1)
0x0549,四,11,四個(4)  它四(2)  四座(2)  四位(2)  的四(2)  四十(1)  夜四(1)  三四(1)  兵四(1)  有四(1)
0x054a,摧,1,摧毀(1)  可摧(1)
0x054b,倫,10,賽倫(10)  倫王(5)  倫大(2)  倫的(2)  倫強(1)
0x054c,搶,9,被搶(7)  搶走(4)  搶都(1)  搶了(1)  搶奪(1)  以搶(1)  物搶(1)
0x054d,追,1,追到(1)  們追(1)
0x054e,鎂,4,鎂錫(4)  往鎂(1)  以鎂(1)
0x054f,吩,2,吩咐(2)  會吩(1)  管吩(1)
0x0550,咐,2,吩咐(2)  咐下(1)
0x0551,笨,1,笨蛋(1)  群笨(1)
0x0552,蛋,3,蛋一(1)  笨蛋(1)  壞蛋(1)  蛋的(1)  生蛋(1)
0x0553,講,5,講話(2)  講一(1)  兵講(1)  們講(1)  愛講(1)  我講(1)  講什(1)  要講(1)
0x0554,折,1,折回(1)  又折(1)
0x055b,Ａ,6,人Ａ(6)
0x055c,貨,2,貨可(1)  好貨(1)  貨啊(1)  識貨(1)
0x055d,Ｂ,6,人Ｂ(6)
0x055e,貝,6,貝德(5)  貝可(1)  寶貝(1)  達貝(1)  是貝(1)  往貝(1)  叫貝(1)
0x055f,割,1,割愛(1)  意割(1)
0x0560,義,1,意義(1)
0x0561,遺,4,的遺(3)  遺孤(2)  遺憾(1)  真遺(1)  遺物(1)
0x0562,憾,1,遺憾(1)
0x0563,湖,19,天湖(11)  湖湖(6)  湖水(6)  湖氾(2)  湖的(2)  湖中(2)  的湖(1)  湖喔(1)  湖另(1)  湖捕(1)
0x0564,氾,4,氾濫(3)  湖氾(2)  水氾(1)  氾瀾(1)  會氾(1)
0x0565,濫,3,氾濫(3)
0x0566,淹,5,淹水(3)  經淹(1)  一淹(1)  而淹(1)  淹沒(1)  水淹(1)  淹大(1)  怕淹(1)
0x0567,罷,1,也罷(1)
0x0568,截,2,截然(1)  候截(1)  截樹(1)  一截(1)
0x0569,潮,1,潮濕(1)  冷潮(1)
0x056a,濕,1,濕型(1)  潮濕(1)
0x056b,雪,8,下雪(3)  雪融(1)  積雪(1)  著雪(1)  玩雪(1)  雪山(1)  的雪(1)  雪流(1)  化雪(1)  雪呢(1)
0x056c,褐,1,褐髮(1)  的褐(1)
0x056d,積,1,積雪(1)  的積(1)
0x056e,澈,1,清澈(1)
0x056f,賊,16,山賊(15)  賊愈(1)  賊就(1)  賊實(1)  賊出(1)  賊中(1)  賊強(1)  賊不(1)  賊的(1)  賊我(1)
0x0570,疏,7,疏洪(7)  了疏(2)  本疏(1)  讓疏(1)  成疏(1)  於疏(1)  挖疏(1)
0x0571,洪,7,洪道(7)  疏洪(7)
0x0572,拼,1,打拼(1)
0x0573,猖,1,猖獗(1)  越猖(1)
0x0574,獗,1,猖獗(1)
0x0575,柴,1,採柴(1)
0x0576,搬,4,搬到(2)  就搬(1)  先搬(1)  搬家(1)  想搬(1)  搬離(1)  要搬(1)
0x0577,叔,8,叔叔(8)  家叔(1)  叔經(1)  爾叔(1)  叔讓(1)
0x0578,式,3,式各(1)  各式(1)  式成(1)  正式(1)  招式(1)
0x0579,豔,1,豔福(1)  有豔(1)
0x057a,劫,2,打劫(2)  劫你(1)  劫旅(1)
0x057b,Ｃ,4,人Ｃ(4)
0x057c,寨,15,山寨(15)  寨中(5)  寨的(2)  寨做(2)  寨到(1)  寨是(1)  寨了(1)  寨頭(1)  寨通(1)
0x057d,赦,1,赦的(1)  不赦(1)
0x057e,假,6,是假(6)  假的(2)
0x0580,參,1,參觀(1)  細參(1)
0x0581,傑,1,傑拉(1)  帝傑(1)
0x0582,帝,6,皇帝(6)  帝陛(5)  帝傑(1)
0x0583,佔,1,佔山(1)  強佔(1)
0x0584,剷,1,剷除(1)  被剷(1)
0x0585,投,2,投入(2)  部投(1)  都投(1)
0x0586,魯,6,魯達(6)  克魯(6)
0x0587,額,1,額過(1)  高額(1)
0x0588,佩,1,佩服(1)  真佩(1)
0x0589,膽,2,膽量(1)  的膽(1)  膽小(1)  此膽(1)
0x058a,輩,2,輩子(1)  這輩(1)  輩的(1)  一輩(1)
0x058b,仍,1,仍守(1)  賊仍(1)
0x058c,片,2,片廣(1)  一片(1)  鱗片(1)
0x058d,廣,2,廣大(1)  片廣(1)  廣閣(1)  一廣(1)
0x058e,徒,1,徒步(1)
0x0590,棒,1,棒哦(1)  很棒(1)
0x0591,構,7,構想(4)  構成(3)  的構(2)  個構(2)  能構(1)  陸構(1)  林構(1)
0x0592,昧,1,昧想(1)  冒昧(1)
0x0594,扶,1,扶養(1)  是扶(1)
0x0595,養,3,養我(1)  扶養(1)  養狗(1)  以養(1)  養在(1)  得養(1)
0x0596,弄,2,弄錯(1)  沒弄(1)  弄到(1)  經弄(1)
0x0597,鄉,1,鄉下(1)  在鄉(1)
0x0598,略,1,侵略(1)
0x0599,亡,2,滅亡(1)  陣亡(1)
0x059a,括,3,包括(3)  括你(2)  括先(1)
0x059b,尚,1,尚可(1)  下尚(1)
0x059c,威,3,威力(2)  倍威(1)  威名(1)  的威(1)
0x059d,奪,4,奪走(2)  被奪(2)  奪利(1)  名奪(1)  奪各(1)  搶奪(1)
0x059e,足,1,充足(1)
0x059f,諸,1,諸候(1)  上諸(1)
0x05a0,稅,4,重稅(2)  稅收(2)  稅的(1)  加稅(1)  及稅(1)
0x05a1,貧,1,貧苦(1)  當貧(1)
0x05a2,辭,1,辭辛(1)  不辭(1)
0x05a3,８,2,８歲(2)  1８(2)
0x05a5,盜,1,盜賊(1)  門盜(1)
0x05a7,囉,2,囉囉(2)  的囉(1)
0x05aa,９,2,９歲(1)  1９(1)  ９0(1)  夜９(1)
0x05ab,湯,2,成湯(2)  湯服(1)  湯給(1)
0x05ac,株,1,一株(1)
0x05ad,獨,3,獨立(1)  獨來(1)  向獨(1)  獨往(1)  來獨(1)
0x05ae,借,1,借我(1)  以借(1)
0x05af,角,2,角色(2)  的角(2)
0x05b0,凹,2,凹口(2)  在凹(2)
0x05b1,碰,1,碰過(1)  賊碰(1)
0x05b2,龐,8,龐德(8)  用龐(1)  壞龐(1)  護龐(1)  的龐(1)  在龐(1)
0x05b3,庫,10,庫德(7)  寶庫(3)  找庫(1)  叫庫(1)  派庫(1)  給庫(1)  庫已(1)
0x05b4,累,1,累的(1)  挺累(1)
0x05b5,歇,1,歇腳(1)  可歇(1)
0x05b6,租,2,租破(1)  要租(1)  租了(1)  就租(1)
0x05b7,填,1,填充(1)  們填(1)
0x05b8,頂,1,頂藏(1)  山頂(1)
0x05b9,蒸,3,蒸氣(3)  的蒸(1)  是蒸(1)  然蒸(1)
0x05bb,景,4,的景(2)  場景(1)  景很(1)  風景(1)  景色(1)  景象(1)
0x05bc,央,1,中央(1)
0x05bd,季,1,季節(1)  個季(1)
0x05be,節,1,節天(1)  季節(1)
0x05bf,瀾,1,氾瀾(1)
0x05c0,素,1,因素(1)
0x05c1,端,2,一端(2)  端的(1)
0x05c2,穩,1,穩定(1)  不穩(1)
0x05c3,晨,1,晨的(1)  早晨(1)
0x05c4,氛,1,氣氛(1)
0x05c5,遷,1,遷回(1)  點遷(1)
0x05c6,財,1,財力(1)  及財(1)
0x05c7,駕,1,駕光(1)  大駕(1)
0x05ce,抓,1,抓走(1)  獸抓(1)
0x05d7,贏,2,贏我(2)  打贏(2)
0x05d8,熟,2,熟的(1)  蠻熟(1)  熟哦(1)  眼熟(1)
0x05db,呆,1,發呆(1)
0x05dc,揚,1,飛揚(1)
0x05df,隔,3,隔壁(2)  隔風(1)  阻隔(1)  家隔(1)  到隔(1)
0x05e3,噴,2,
0x05e5,號,1,號稱(1)  隊號(1)
0x05e7,帳,2,的帳(1)  帳吧(1)  算帳(1)
0x05e8,欺,4,欺壓(3)  們欺(1)  隊欺(1)  欺負(1)  人欺(1)  的欺(1)
0x05ed,念,17,邪念(17)  念抽(2)  念的(2)  念封(2)  念物(1)  念一(1)  念連(1)  念破(1)  念產(1)  念有(1)
0x05ee,賽,10,賽倫(10)  拉賽(10)
0x05ef,誤,1,誤會(1)  您誤(1)
0x05f0,瞧,1,瞧不(1)  是瞧(1)
0x05f1,厚,1,厚的(1)  地厚(1)
0x05f2,句,2,句話(2)  這句(1)  幾句(1)
0x05f3,嘖,1,
0x05f4,鼎,2,鼎鼎(2)  名鼎(1)  鼎的(1)
0x05f5,唇,1,唇舌(1)  費唇(1)
0x05f6,舌,1,唇舌(1)
0x05f9,違,1,違抗(1)  常違(1)
0x05fa,抗,2,抗弗(1)  違抗(1)  抗才(1)  反抗(1)
0x05fb,劣,1,劣不(1)  玩劣(1)
0x05fc,顆,6,顆聖(4)  五顆(4)  顆較(1)  幾顆(1)  顆樹(1)  這顆(1)
0x05fd,縫,16,裂縫(16)  縫中(4)  縫下(2)  縫可(1)  縫不(1)  縫的(1)  縫內(1)  縫去(1)
0x05fe,納,6,納特(6)  的納(1)  了納(1)  是納(1)  到納(1)
0x05ff,吼,3,吼聲(2)  吼叫(1)  到吼(1)  的吼(1)  叫吼(1)
0x0600,設,2,設一(1)  建設(1)  設繩(1)  架設(1)
0x0601,台,3,一台(2)  武台(1)  台飛(1)  台能(1)
0x0602,競,1,競技(1)  取競(1)
0x0603,擴,2,擴充(2)  力擴(1)  了擴(1)
0x0604,罪,4,罪了(2)  得罪(2)  罪行(1)  的罪(1)  罪的(1)  無罪(1)
0x0605,觸,1,觸犯(1)  是觸(1)
0x0606,棵,6,這棵(3)  棵巨(2)  棵大(1)  棵這(1)  七棵(1)  棵非(1)  一棵(1)  有棵(1)  棵樹(1)
0x0607,顯,1,顯示(1)  才顯(1)
0x0608,考,1,考古(1)  札考(1)
0x0609,宏,2,宏大(1)  很宏(1)  宏偉(1)  當宏(1)
0x060a,閣,1,閣的(1)  廣閣(1)
0x060b,聳,1,聳立(1)  樹聳(1)
0x060c,述,1,述著(1)  記述(1)
0x060d,荒,1,荒蕪(1)  個荒(1)
0x060e,蕪,1,蕪死(1)  荒蕪(1)
0x060f,寂,1,寂的(1)  死寂(1)
0x0610,新,8,的新(4)  新繼(3)  新的(2)  新科(1)  類新(1)  新統(1)  新氣(1)  番新(1)  了新(1)
0x0611,致,2,致今(1)  導致(1)  致的(1)  大致(1)
0x0612,餘,2,其餘(2)  餘的(1)  餘皆(1)
0x0613,茂,2,茂盛(1)  由茂(1)  茂密(1)  這茂(1)
0x0614,盛,1,盛的(1)  茂盛(1)
0x0615,繫,1,聯繫(1)
0x0616,射,1,射巨(1)  發射(1)
0x0617,彼,1,彼此(1)  族彼(1)
0x0618,歧,1,歧視(1)  常歧(1)
0x0619,窄,1,窄且(1)  狹窄(1)
0x061a,惠,1,惠顧(1)  謝惠(1)
0x061b,稀,1,稀客(1)  是稀(1)
0x061c,站,2,站在(1)  站衛(1)  在站(1)
0x061d,驕,1,驕傲(1)  的驕(1)
0x061e,歐,13,雷歐(12)  歐將(5)  歐村(1)  希歐(1)  歐今(1)
0x061f,境,3,環境(2)  境界(1)  的境(1)  境和(1)  境就(1)
0x0620,康,6,康泰(6)  在康(2)  由康(1)  是康(1)
0x0621,泰,6,泰村(6)  康泰(6)
0x0622,寧,1,寧似(1)  不寧(1)
0x0623,賜,1,賜與(1)  天賜(1)
0x0624,堆,1,堆山(1)  一堆(1)
0x0625,牠,1,牠的(1)  是牠(1)
0x0626,橫,1,橫無(1)  蠻橫(1)
0x0627,吞,1,吞聲(1)  氣吞(1)
0x0628,祥,1,祥的(1)  不祥(1)
0x0629,昨,4,昨天(4)  我昨(1)
0x062a,嗚,3,
0x062b,爬,4,爬上(1)  時爬(1)  爬下(1)  上爬(1)  爬樹(1)  會爬(1)  爬不(1)  又爬(1)
0x062c,聰,3,聰明(3)  很聰(1)  最聰(1)  的聰(1)
0x062d,鳥,6,鳥的(2)  的鳥(2)  種鳥(2)  小鳥(1)  是鳥(1)  鳥類(1)  鳥不(1)
0x062e,藤,1,藤盪(1)  樹藤(1)
0x062f,盪,1,盪到(1)  藤盪(1)
0x0630,鄰,1,鄰居(1)  的鄰(1)
0x0631,置,2,位置(2)  置奇(1)  置最(1)
0x0632,軸,2,軸心(1)  技軸(1)  軸了(1)  輪軸(1)
0x0636,索,1,索就(1)  繩索(1)
0x0637,殊,1,殊用(1)  特殊(1)
0x0638,趟,1,趟了(1)  一趟(1)
0x0639,瓦,14,巴瓦(14)  瓦將(9)  瓦算(1)
0x063a,愉,1,愉快(1)  很愉(1)
0x063d,瞬,1,瞬間(1)  一瞬(1)
0x063e,凱,8,凱琳(8)  我凱(1)
0x063f,誓,5,誓言(4)  的誓(4)  誓將(1)  宣誓(1)
0x0640,言,4,誓言(4)
0x0641,拔,2,拔出(2)
0x0642,履,3,履行(3)  會履(2)
0x0643,席,3,卡席(3)  席將(1)
0x0645,撒,9,撒爾(9)  是撒(2)  入撒(1)  決撒(1)  到撒(1)  得撒(1)
0x0646,缺,1,缺水(1)  年缺(1)
0x0649,局,1,局面(1)  種局(1)
0x064a,模,1,模一(1)  一模(1)
0x064c,均,3,均被(1)  城均(1)  均自(1)  均曾(1)  軍均(1)
0x064d,陷,3,攻陷(2)  陷入(1)  陷後(1)
0x064e,役,1,役中(1)  戰役(1)
0x064f,徵,1,徵統(1)  象徵(1)
0x0650,麾,1,麾下(1)  王麾(1)
0x0651,鞏,1,鞏固(1)  了鞏(1)
0x0652,陰,1,陰影(1)  的陰(1)
0x0653,斤,1,斤的(1)  千斤(1)
0x0654,慌,1,慌張(1)  太慌(1)
0x0655,宣,1,宣誓(1)  曾宣(1)
0x0657,孤,3,遺孤(2)  孤癖(1)  點孤(1)
0x0658,攏,1,攏爾(1)
0x0659,皆,1,皆是(1)  餘皆(1)
0x065a,遍,1,遍的(1)  整遍(1)
0x065b,惟,1,惟一(1)  中惟(1)
0x065c,勝,2,勝利(1)  勝他(1)  戰勝(1)
0x065d,淒,1,淒慘(1)  最淒(1)
0x065e,癖,1,孤癖(1)
0x065f,撿,1,撿到(1)  裡撿(1)
0x0660,鱗,1,鱗片(1)  的鱗(1)
0x0661,盈,1,輕盈(1)
0x0662,浮,3,浮力(2)  浮於(1)  具浮(1)  的浮(1)  有浮(1)
0x0663,妙,1,奧妙(1)
0x0664,仔,2,仔細(2)  要仔(1)
0x0665,辨,1,辨出(1)  分辨(1)
0x0666,偶,1,偶像(1)  的偶(1)
0x0667,鏢,1,鏢使(1)  力鏢(1)
0x0668,翔,1,飛翔(1)
0x0669,涵,1,涵意(1)  麼涵(1)
0x066a,舍,1,房舍(1)
0x066b,岩,1,岩石(1)  的岩(1)
0x0672,縛,1,縛住(1)  束縛(1)
0x0673,殼,3,外殼(3)  殼太(1)  殼所(1)
0x0674,枝,2,樹枝(2)  枝幹(1)  枝吧(1)
0x0675,翅,1,翅膀(1)  的翅(1)
0x0676,膀,1,膀一(1)  翅膀(1)
0x0677,載,1,載八(1)  能載(1)
0x0678,編,1,編織(1)  毛編(1)
0x0679,織,1,織而(1)  編織(1)
0x067a,寬,1,寬大(1)  個寬(1)
0x067b,砍,1,砍下(1)  們砍(1)
0x067c,摘,1,摘下(1)
0x067d,啟,3,開啟(3)  啟正(1)
0x067e,暢,1,暢通(1)  經暢(1)
0x067f,屈,1,屈服(1)  不屈(1)
0x0680,扭,1,扭曲(1)  間扭(1)
0x0681,曲,1,扭曲(1)
0x0682,坦,1,平坦(1)
0x0684,莫,2,莫非(2)
0x0685,蛻,1,蛻變(1)  又蛻(1)
0x0686,抽,3,抽取(3)  念抽(2)  而抽(1)
0x0687,殆,1,殆盡(1)  壞殆(1)
0x0688,戮,1,戮及(1)  殺戮(1)
0x0689,懼,1,懼之(1)  恐懼(1)
0x068a,魂,3,靈魂(3)  魂的(1)  魂喚(1)
0x068b,傀,1,傀儡(1)  的傀(1)
0x068c,儡,1,傀儡(1)
0x068d,遲,2,遲早(1)  是遲(1)  宜遲(1)
0x068e,畢,1,畢竟(1)  我畢(1)
0x068f,嫩,1,太嫩(1)
0x0690,睜,1,睜大(1)  卡睜(1)
0x0691,睛,1,睛看(1)  眼睛(1)
0x0693,轟,1,轟成(1)  們轟(1)
0x0694,票,1,票看(1)  這票(1)
0x0695,塌,1,崩塌(1)
0x0696,吊,1,吊橋(1)  路吊(1)
0x0697,儍,1,儍事(1)  做儍(1)
0x0698,稼,1,稼衣(1)  我稼(1)
0x0699,螞,1,螞蟻(1)  如螞(1)
0x069a,蟻,1,螞蟻(1)
0x069b,召,1,召喚(1)  的召(1)
